Perturbation_Scale,Perturbation_Percent,Test_Local_Index,True_Family,Predicted_Family,Correct,Original_Confidence,Mean_Jaccard_Top5,Std_Jaccard_Top5,Mean_Jaccard_Top10,Std_Jaccard_Top10,Mean_SHAP_Rank_Spearman,Std_SHAP_Rank_Spearman,Prediction_Stability,Mean_Confidence_Change,Mean_Absolute_Confidence_Change
0.005,0.5,4682,Benign,Benign,1,0.9999737739562988,0.8833333333333332,0.1589898669028243,0.9727272727272727,0.06492207662311679,0.9845848217540277,0.010528493548387238,1.0,-2.129673957824707e-05,2.1344423294067384e-05
0.005,0.5,3966,Benign,Benign,1,0.9999704360961914,1.0,0.0,0.9106060606060605,0.10386250358553856,0.9923962965663046,0.0078938717118092,1.0,-4.190206527709961e-06,4.190206527709961e-06
0.005,0.5,6493,Gator,Gator,1,0.6376500725746155,0.6291666666666667,0.22212113276104015,0.6213786213786213,0.15600420555068367,0.9259769865392963,0.03654708003500732,0.85,-0.15896535124629735,0.17519748415797948
0.005,0.5,51,Benign,Benign,1,0.9998937845230103,0.8666666666666666,0.16329931618554522,0.8606060606060606,0.12654916980497638,0.9835824159801705,0.010484512873120154,1.0,-0.003928470611572266,0.003928470611572266
0.005,0.5,6307,CWS,Conti,0,0.19933195412158966,0.4809523809523809,0.18475024509110802,0.5732600732600732,0.08470572219668261,0.8723381818181817,0.029495273973585326,0.2,-0.0846032427623868,0.08707277197390795
0.005,0.5,6764,TIBS,TIBS,1,0.9861793518066406,0.5380952380952381,0.23986248895031959,0.7637529137529138,0.17503837039477682,0.9639565217391304,0.020929505808798887,0.65,-0.4511246746405959,0.45123397167772056
0.005,0.5,6007,180solutions,Emotet,0,0.3001534342765808,0.7095238095238094,0.16141382149217423,0.7077922077922078,0.09580214708368284,0.9557388913012013,0.022174847506460562,0.15,-0.1904010866302997,0.19103893381543458
0.005,0.5,5059,Conti,Zeus,0,0.19569000601768494,0.5916666666666666,0.21964527679658313,0.5046453546453546,0.1358719495167504,0.9127091272001449,0.04511234249143801,0.05,-0.12275009080767632,0.12275009080767632
0.005,0.5,6912,TIBS,Maze,0,0.5388067364692688,0.8166666666666667,0.16583123951777,0.7602564102564102,0.10121564020213925,0.960608695652174,0.013750511246725107,1.0,-0.02236498296260834,0.08276248276233673
0.005,0.5,6626,Gator,Gator,1,0.3858468234539032,0.7547619047619046,0.16854385031337707,0.6885614385614385,0.11338193734939479,0.9214828484585323,0.04099629168119236,0.05,-0.260202900134027,0.260202900134027
0.005,0.5,6774,TIBS,TIBS,1,0.9278537631034851,0.85,0.16583123951777,1.0,0.0,0.98081884057971,0.013083756249209998,1.0,-0.01952539086341858,0.02682257294654846
0.005,0.5,8647,Zeus,Gator,0,0.4742535948753357,0.6309523809523808,0.08501700510170061,0.722027972027972,0.09438940550135029,0.9223838471558835,0.02611001840259771,0.7,-0.10532435812056065,0.17720760442316533
0.005,0.5,4232,Benign,Benign,1,0.999915361404419,0.8166666666666667,0.16583123951777,0.9833333333333332,0.0726483157256779,0.9872457534446308,0.005329072574210223,1.0,-0.01984556019306183,0.019847825169563293
0.005,0.5,3301,Benign,Benign,1,0.9999709129333496,0.9,0.1527525231651947,0.9454545454545455,0.08331955809010616,0.982135306553911,0.015047108037903604,1.0,-3.3855438232421875e-05,3.3855438232421875e-05
0.005,0.5,6281,CWS,Transponder,0,0.2036837786436081,0.8833333333333334,0.1589898669028243,0.8045454545454545,0.07007473381725564,0.9600942028985507,0.027706293127175662,0.3,-0.030413950979709625,0.06652555018663406
0.005,0.5,1938,Benign,Benign,1,0.999972939491272,1.0,0.0,0.9636363636363635,0.0727272727272727,0.9931581249544361,0.007192509650413805,1.0,-7.736682891845704e-06,7.736682891845704e-06
0.005,0.5,3924,Benign,Benign,1,0.9971989393234253,0.9333333333333332,0.13333333333333336,0.8257575757575758,0.11809437324333255,0.9907960924400381,0.009529967140189048,1.0,-0.002578204870223999,0.0026980698108673095
0.005,0.5,2440,Benign,Benign,1,0.9999690055847168,0.9666666666666666,0.1,0.9636363636363636,0.07272727272727271,0.9875446526208356,0.011754573732350925,1.0,-1.798570156097412e-05,1.824796199798584e-05
0.005,0.5,5265,Maze,Maze,1,0.4403502941131592,0.6214285714285713,0.19312151192279678,0.6736596736596736,0.10848555970368391,0.9634601449275362,0.02321998387658212,0.55,-0.1338824223726988,0.1574270438402891
0.005,0.5,4958,Conti,Ako,0,0.2706075608730316,0.5238095238095237,0.11664236870396086,0.6357808857808858,0.07158824669899737,0.9539332754378348,0.020495135241906378,0.35,-0.06366863176226616,0.07901229783892631
0.005,0.5,7476,Emotet,Shade,0,0.20342783629894257,0.4738095238095239,0.20652617564001371,0.5855977355977355,0.13735189919581403,0.9101208568533796,0.028380058035399388,0.2,-0.06418536361306906,0.11080948915332556
0.005,0.5,802,Benign,Benign,1,0.9999710321426392,0.95,0.11902380714238082,0.8909090909090909,0.08907235428302462,0.9852810381278705,0.012030479655207113,1.0,-2.7430057525634765e-05,2.7430057525634765e-05
0.005,0.5,2871,Benign,Benign,1,0.9999607801437378,0.8095238095238095,0.20203050891044216,0.8939393939393939,0.1143914308374356,0.9808048407086096,0.009076199819143139,1.0,-0.0018384695053100587,0.0018384695053100587
0.005,0.5,7007,Transponder,CWS,0,0.36550164222717285,0.6476190476190474,0.11703053073756672,0.9727272727272727,0.06492207662311679,0.9820814054366686,0.008126910113008373,0.25,-0.04647713303565979,0.04647713303565979
0.005,0.5,3883,Benign,Benign,1,0.9998937845230103,0.7999999999999999,0.16329931618554525,0.8181818181818181,0.12309149097933275,0.9803054603776336,0.009202395977553488,1.0,-0.005785450339317322,0.005785450339317322
0.005,0.5,6614,Gator,Shade,0,0.14836521446704865,0.41567460317460314,0.15550733683341086,0.5600732600732601,0.11989218590995875,0.880250398031553,0.027474516692505075,0.35,0.0009802408516407014,0.06273433938622475
0.005,0.5,8622,Zeus,Shade,0,0.21795758605003357,0.4027777777777778,0.18207541027402638,0.5300990675990676,0.15427626025257216,0.9178897090751192,0.028270069116390552,0.2,-0.10813787411898375,0.10860660802572966
0.005,0.5,6057,180solutions,Emotet,0,0.2605852484703064,0.669047619047619,0.16732861743632477,0.6906759906759905,0.134489138472401,0.9437291938051816,0.022527476680239474,0.15,-0.15084929596632718,0.15084929596632718
0.005,0.5,6821,TIBS,TIBS,1,0.37889450788497925,0.5404761904761906,0.3178459958808757,0.7803030303030302,0.13948448969334828,0.9556847826086956,0.02074692825531255,0.3,-0.2325856256298721,0.23298844574019312
0.005,0.5,8376,Scar,Shade,0,0.2202632576227188,0.4821428571428571,0.1316270499255713,0.5927405927405927,0.09353160746675128,0.9136307714575189,0.0288423729283689,0.3,-0.044618145748972896,0.13301162384450435
0.005,0.5,6620,Gator,Gator,1,0.3352084159851074,0.3154761904761905,0.11119965293017502,0.5439560439560439,0.09232295356138139,0.89092126212187,0.038371712242931545,0.0,-0.27930941311642526,0.27930941311642526
0.005,0.5,7502,Emotet,Emotet,1,0.9244049787521362,0.4523809523809524,0.14136121532187992,0.6917249417249416,0.08218849448419166,0.956484295845998,0.01963557411192542,0.85,-0.38207901902496816,0.38207901902496816
0.005,0.5,1719,Benign,Benign,1,0.999895453453064,0.688095238095238,0.11613093712625902,0.8439393939393938,0.12901939974144147,0.9809834511919515,0.008810659244114123,1.0,-0.005108523368835449,0.005108523368835449
0.005,0.5,8293,Scar,CWS,0,0.3880627155303955,0.7142857142857142,0.1844277783908294,0.7553613053613054,0.12336371500625558,0.9348575766338921,0.020570546849477706,0.75,-0.0681782491505146,0.07898934558033943
0.005,0.5,7850,Refroso,CWS,0,0.2153172343969345,0.5690476190476189,0.18099936733330504,0.6777222777222777,0.18071227634768203,0.9345575477154421,0.019074474565841732,0.3,-0.04301430881023407,0.05767042934894562
0.005,0.5,3538,Benign,Benign,1,0.9999507665634155,0.6785714285714286,0.21128856368212914,0.865151515151515,0.09412249994240819,0.982875264270613,0.007652544148165869,1.0,-0.0023386240005493163,0.002338719367980957
0.005,0.5,7438,Emotet,Scar,0,0.28280285000801086,0.8166666666666667,0.16583123951777,0.7769230769230768,0.11136752434910531,0.9654400290328434,0.013964716097711343,0.45,-0.11307622827589511,0.11867224015295505
0.005,0.5,1943,Benign,Benign,1,0.9999697208404541,0.9833333333333334,0.07264831572567791,0.9909090909090909,0.03962635403218793,0.9804840708609754,0.010641332203797146,1.0,-1.0025501251220702e-05,1.016855239868164e-05
0.005,0.5,5049,Conti,Maze,0,0.20282988250255585,0.3392857142857143,0.08928571428571427,0.5833999333999333,0.11491047199253618,0.8957463768115943,0.028089382158461733,0.0,-0.1205180061981082,0.1205180061981082
0.005,0.5,7071,Transponder,Transponder,1,0.3345085084438324,0.6761904761904761,0.12918723777381463,0.759090909090909,0.092150613330515,0.9616666666666669,0.0114158151683895,0.5,-0.06029301062226296,0.06073399856686592
0.005,0.5,7512,Emotet,Emotet,1,0.8014005422592163,0.5934523809523811,0.23213598890938641,0.5190934065934065,0.11795613863933847,0.9253473729917499,0.0375416322694111,0.5,-0.5436629467643798,0.5436629467643798
0.005,0.5,8743,Zeus,Pysa,0,0.3644769489765167,0.6999999999999998,0.1,0.8272727272727274,0.03962635403218793,0.9777364083285134,0.007991043285064498,0.55,-0.04419962540268898,0.0830098457634449
0.005,0.5,8789,Pysa,Ako,0,0.4016123116016388,0.375,0.14689241284825078,0.5668498168498168,0.0822087300852613,0.9243993342017657,0.025141012733946557,0.4,-0.2082547452300787,0.23886158727109433
0.005,0.5,976,Benign,Benign,1,0.9999699592590332,0.9333333333333332,0.13333333333333336,0.9727272727272727,0.06492207662311679,0.9829153605015675,0.013890435832427106,1.0,-2.162754535675049e-05,2.1710991859436035e-05
0.005,0.5,978,Benign,Benign,1,0.9999716281890869,0.95,0.11902380714238084,0.9727272727272727,0.06492207662311679,0.9850404607421448,0.012557113715413503,1.0,-1.4340877532958984e-05,1.4412403106689454e-05
0.005,0.5,7811,Reconyc,Refroso,0,0.6703419089317322,0.6976190476190475,0.1725328191856411,0.6853146853146853,0.0886394095190282,0.9585309090909089,0.016168085695014166,0.45,-0.4694122843444347,0.4694122843444347
0.005,0.5,243,Benign,Benign,1,0.999968409538269,0.9333333333333332,0.13333333333333336,0.9454545454545455,0.08331955809010617,0.9769519574250929,0.011334511075439882,1.0,-2.6923418045043945e-05,2.6923418045043945e-05
0.005,0.5,6726,Gator,Zeus,0,0.30540260672569275,0.7023809523809523,0.19452541236152612,0.573093573093573,0.13208784677395982,0.9257376156777353,0.03173308772068738,0.85,-0.08799107894301414,0.08799107894301414
0.005,0.5,4029,Benign,Benign,1,0.9999030828475952,0.6619047619047618,0.19800593225039803,0.8727272727272727,0.08331955809010616,0.9861121236421958,0.010101038520046297,1.0,-0.003590831160545349,0.003597256541252136
0.005,0.5,5189,Maze,Conti,0,0.30182984471321106,0.7547619047619046,0.16854385031337707,0.7212121212121211,0.09121161783813586,0.9585527272727271,0.01874487998414059,0.85,-0.06507203169167042,0.08154057748615742
0.005,0.5,3297,Benign,Benign,1,0.9999675750732422,0.95,0.11902380714238082,0.9545454545454547,0.07872958216222167,0.9804439746300213,0.0127375226642097,1.0,-1.8221139907836913e-05,1.8221139907836913e-05
0.005,0.5,1645,Benign,Benign,1,0.9999710321426392,0.95,0.11902380714238084,0.9181818181818182,0.09045340337332908,0.9918604651162791,0.007444859757816596,1.0,-1.6129016876220704e-05,1.634359359741211e-05
0.005,0.5,8886,Ako,Zeus,0,0.1517789512872696,0.680952380952381,0.1580062859336863,0.5543456543456543,0.12642067639729215,0.9329486481582288,0.03715684787269798,0.05,-0.06705115367658436,0.06705115367658436
0.005,0.5,6672,Gator,Gator,1,0.6387476325035095,0.538690476190476,0.1334648055046349,0.6798201798201797,0.10022134496391441,0.9218917354175712,0.03087676521721167,0.9,-0.11150982920080424,0.16477281395345927
0.005,0.5,3211,Benign,Benign,1,0.9999737739562988,1.0,0.0,0.9818181818181818,0.05454545454545453,0.9922468469782023,0.005169240364919386,1.0,-4.0709972381591795e-06,4.237890243530273e-06
0.005,0.5,6265,CWS,Conti,0,0.1208188608288765,0.5773809523809523,0.1439688883624741,0.5087912087912088,0.08594330882219556,0.9407854545454544,0.012296816224380926,0.05,-0.06554164243862033,0.06554164243862033
0.005,0.5,9274,Shade,Shade,1,0.27419015765190125,0.5833333333333333,0.11356419064487448,0.6699300699300699,0.13363658929573943,0.9154074395715732,0.02234384798712512,0.3,-0.14343725591897966,0.14343725591897966
0.005,0.5,3887,Benign,Benign,1,0.9999668598175049,0.9833333333333332,0.0726483157256779,0.990909090909091,0.03962635403218793,0.9877925202303711,0.011812468105239214,1.0,-1.398324966430664e-05,1.4019012451171874e-05
0.005,0.5,8287,Scar,TIBS,0,0.322860985994339,0.9333333333333332,0.13333333333333336,0.7818181818181819,0.08495664102349205,0.9645289855072466,0.012090455389735766,0.9,0.004581356048583984,0.05907248556613922
0.005,0.5,5350,Maze,Emotet,0,0.1503983438014984,0.5791666666666666,0.16254578109683732,0.7886946386946387,0.1389447021918027,0.938098856563902,0.02613194111392632,0.05,-0.07329285172745585,0.0802392485551536
0.005,0.5,8264,Scar,Emotet,0,0.23107632994651794,0.6738095238095237,0.1906398106770094,0.6681651681651681,0.11759427145725058,0.9221595020987119,0.030270019696186357,0.15,-0.13170721572823824,0.13177103740163149
0.005,0.5,3962,Benign,Benign,1,0.9999700784683228,0.9166666666666666,0.14433756729740646,0.9636363636363636,0.07272727272727271,0.9876904570970331,0.010790621638440315,1.0,-2.5856494903564454e-05,2.586841583251953e-05
0.005,0.5,9189,Shade,Zeus,0,0.33775120973587036,0.5714285714285714,0.11664236870396086,0.613136863136863,0.10417280212522873,0.9353111957902376,0.02978468420032477,0.3,-0.21867366069927813,0.21867366069927813
0.005,0.5,8391,Scar,Gator,0,0.3058505058288574,0.40773809523809523,0.16759414553929863,0.5117882117882118,0.11258272428635284,0.9074359531046461,0.03848280109496702,0.05,-0.2336530120112002,0.2336530120112002
0.005,0.5,4585,Benign,Benign,1,0.9999693632125854,0.9,0.1527525231651947,0.9454545454545455,0.08331955809010616,0.982310271925348,0.013792523050249961,1.0,-3.0595064163208005e-05,3.0595064163208005e-05
0.005,0.5,7073,Transponder,Shade,0,0.30214324593544006,0.5678571428571427,0.2231023528875157,0.7428904428904429,0.14215884840967924,0.9403965841655809,0.02392472157194905,0.9,-0.028066732734441758,0.0648322157561779
0.005,0.5,7498,Emotet,Conti,0,0.25754886865615845,0.41071428571428575,0.05357142857142856,0.6770895770895772,0.1686208962874261,0.9039381818181818,0.03371453344314965,0.45,-0.04979140534996986,0.07108437195420265
0.005,0.5,216,Benign,Benign,1,0.9999698400497437,0.95,0.11902380714238082,0.9272727272727271,0.08907235428302465,0.9892323394328206,0.00935219791359568,1.0,-1.907944679260254e-05,1.907944679260254e-05
0.005,0.5,6328,CWS,Gator,0,0.2952124774456024,0.4779761904761905,0.17322451287104382,0.5229603729603729,0.11165926097819276,0.9021204226371399,0.03189972280192614,0.25,-0.14320911448448898,0.14320911448448898
0.005,0.5,5734,180solutions,Shade,0,0.3207732141017914,0.5196428571428571,0.1631983945582632,0.4157259407259407,0.13907212858019102,0.8787125488493268,0.032848270194461335,0.0,-0.2572167542763054,0.2572167542763054
0.005,0.5,5419,Pysa,Shade,0,0.22322818636894226,0.33333333333333337,0.11356419064487447,0.5506826506826507,0.1397861506080136,0.8883810971196988,0.0322559988170736,0.15,-0.10676587028428912,0.10676587028428912
0.005,0.5,5481,Pysa,Transponder,0,0.34238436818122864,0.5916666666666666,0.21964527679658313,0.6305361305361303,0.08697637858650648,0.9555036231884058,0.01672310034566506,0.15,-0.23611757205799222,0.23611757205799222
0.005,0.5,8927,Ako,Gator,0,0.5390827059745789,0.6976190476190476,0.1725328191856411,0.6468531468531469,0.11288527105608644,0.9148212476479953,0.02877048962997294,0.85,-0.09369431743398308,0.18105942020192742
0.005,0.5,7672,Reconyc,Refroso,0,0.6074556708335876,0.4375,0.16759414553929863,0.6033133533133533,0.12529452824488954,0.8890836363636362,0.028500842034827938,0.1,-0.5149703558534384,0.5149703558534384
0.005,0.5,9010,Ako,Reconyc,0,0.31101253628730774,0.5148809523809523,0.12969499148512453,0.6483682983682983,0.12673082161855395,0.9493740049211175,0.02026177643309182,0.5,-0.13213357515633106,0.1525862503796816
0.005,0.5,260,Benign,Benign,1,0.9998169541358948,0.8666666666666666,0.16329931618554522,0.8727272727272727,0.08331955809010617,0.9835168039658818,0.010899406358483738,1.0,-0.018586704134941102,0.018592146039009095
0.005,0.5,3067,Benign,Benign,1,0.9999734163284302,0.9666666666666666,0.1,0.9727272727272727,0.06492207662311679,0.9926478092877453,0.007997587345140866,1.0,-1.3583898544311524e-05,1.3583898544311524e-05
0.005,0.5,4648,Benign,Benign,1,0.9999731779098511,0.9666666666666666,0.1,0.9454545454545453,0.08331955809010616,0.9880950645184807,0.009246323377893367,1.0,-1.5014410018920899e-05,1.5014410018920899e-05
0.005,0.5,6324,CWS,Transponder,0,0.2576449513435364,0.657142857142857,0.17535192990020923,0.8,0.10730867399773199,0.9374420289855072,0.024432479862955547,0.2,-0.11485488815233111,0.1255839924328029
0.005,0.5,8570,Zeus,Ako,0,0.37242576479911804,0.7833333333333332,0.1589898669028243,0.7708624708624708,0.12575557743108137,0.9524750325662179,0.0162244339346328,0.7,-0.03740854561328888,0.057317796349525454
0.005,0.5,3079,Benign,Benign,1,0.9999452829360962,0.7023809523809522,0.19452541236152612,0.8636363636363636,0.07872958216222167,0.9823977546110664,0.008613561400533742,1.0,-0.004081991314888,0.0040822654962539675
0.005,0.5,7726,Reconyc,180solutions,0,0.1866018921136856,0.6119047619047618,0.1398695537402335,0.5135531135531135,0.0783968363408993,0.8773460092539038,0.024672936496037298,0.15,-0.10363015150651336,0.10675792759284378
0.005,0.5,5558,Pysa,Zeus,0,0.22044554352760315,0.5327380952380951,0.15846642276159684,0.5139194139194139,0.12312324699480087,0.9142043186354563,0.03188264004544051,0.05,-0.15234264675527812,0.15234264675527812
0.005,0.5,1507,Benign,Benign,1,0.9999737739562988,0.95,0.11902380714238082,0.9818181818181818,0.05454545454545453,0.9903805496828753,0.01125645672949912,1.0,-1.4275312423706055e-05,1.4275312423706055e-05
0.005,0.5,8418,Scar,Emotet,0,0.26374366879463196,0.5553571428571428,0.1653980202482509,0.5503663003663003,0.09609277669950916,0.9261832392531479,0.02326664658757775,0.25,-0.1613197791390121,0.1613197791390121
0.005,0.5,5083,Conti,Zeus,0,0.25836965441703796,0.6232142857142857,0.24023664990834284,0.4153118939883645,0.1512405866843516,0.9137543095626925,0.040182663261430863,0.0,-0.1952977896668017,0.1952977896668017
0.005,0.5,635,Benign,Benign,1,0.9999709129333496,0.9666666666666666,0.1,0.9818181818181818,0.05454545454545453,0.9900415542757163,0.010895907144481666,1.0,-1.1301040649414062e-05,1.1348724365234375e-05
0.005,0.5,9132,Shade,Shade,1,0.49229735136032104,0.5416666666666667,0.14689241284825078,0.4779377485259838,0.13777790191906586,0.8835178752352004,0.02757066524407008,0.2,-0.33140023741871116,0.33140023741871116
0.005,0.5,555,Benign,Benign,1,0.9999711513519287,0.9833333333333334,0.0726483157256779,0.9636363636363635,0.0727272727272727,0.9942953998687759,0.005754701299642567,1.0,-7.808208465576172e-06,7.808208465576172e-06
0.005,0.5,3981,Benign,Benign,1,0.9999717473983765,0.7333333333333332,0.13333333333333336,0.7772727272727272,0.11668634229994036,0.9762885470583947,0.01178089509734763,1.0,-0.0034178078174591066,0.0034178078174591066
0.005,0.5,9232,Shade,Pysa,0,0.503733217716217,0.7547619047619046,0.16854385031337707,0.8818181818181816,0.08672174558335866,0.9611914401388082,0.01680752900654504,0.9,-0.08115473687648773,0.09774882495403289
0.005,0.5,4983,Conti,Scar,0,0.18044079840183258,0.6857142857142857,0.18220120447341895,0.6763403263403263,0.13020745125787264,0.9333333333333332,0.02020061269753131,0.1,-0.03947803340852261,0.04024365358054638
0.005,0.5,7150,Transponder,Transponder,1,0.6083027720451355,0.6952380952380952,0.22253945610567472,0.7617715617715618,0.11497206745770633,0.9518442028985508,0.013766694720697172,0.75,-0.13713562339544297,0.14152922481298447
0.005,0.5,8043,Refroso,Zeus,0,0.14958980679512024,0.7523809523809523,0.2200803811103113,0.5632534132534133,0.10352843119302502,0.9397423335147884,0.02196039553981515,0.35,-0.007429089397192001,0.03656356260180473
0.005,0.5,6323,CWS,Transponder,0,0.23073062300682068,0.8047619047619048,0.18375029887214037,0.7530303030303029,0.10810794523850441,0.9478514492753625,0.014616272100057507,0.2,-0.05024024620652199,0.08971400633454323
0.005,0.5,5076,Conti,Zeus,0,0.4353407621383667,0.5505952380952379,0.1337300115396486,0.6107725607725608,0.16342488884074355,0.9364325893667209,0.0293324461493829,0.6,-0.23407300375401974,0.23407300375401974
0.005,0.5,4451,Benign,Benign,1,0.9998407363891602,0.8047619047619048,0.1837502988721404,0.8954545454545453,0.1251170251103014,0.9667091929722244,0.01637679087862637,1.0,-0.009176185727119446,0.009176185727119446
0.005,0.5,2133,Benign,Benign,1,0.9999732971191406,0.9833333333333332,0.0726483157256779,0.9727272727272727,0.06492207662311679,0.9895385288328351,0.009433800313720191,1.0,-7.730722427368163e-06,7.730722427368163e-06
0.005,0.5,6168,CWS,Scar,0,0.19642767310142517,0.6857142857142856,0.18220120447341895,0.6212787212787212,0.1543272825542732,0.9401850843767011,0.02424891990551551,0.35,-0.039717380329966544,0.05284276567399502
0.005,0.5,1396,Benign,Benign,1,0.9998509883880615,0.9333333333333333,0.13333333333333333,0.8696969696969697,0.12966722966869496,0.9803892979514472,0.0103222464024119,1.0,-0.009542357921600342,0.009542357921600342
0.01,1.0,4682,Benign,Benign,1,0.9999737739562988,0.8833333333333334,0.1589898669028243,0.9818181818181818,0.05454545454545453,0.9863891521469709,0.009529499368954603,1.0,-1.7625093460083007e-05,1.7625093460083007e-05
0.01,1.0,3966,Benign,Benign,1,0.9999704360961914,0.9833333333333332,0.0726483157256779,0.9045454545454543,0.12577582927037348,0.9874389443755923,0.009971712459523462,1.0,-1.3881921768188477e-05,1.4215707778930664e-05
0.01,1.0,6493,Gator,Gator,1,0.6376500725746155,0.5672619047619046,0.16440967545500462,0.5668498168498168,0.0822087300852613,0.9146005210594874,0.03523114335752387,0.75,-0.29201157088391483,0.29670827980153264
0.01,1.0,51,Benign,Benign,1,0.9998937845230103,0.8333333333333334,0.16666666666666669,0.8181818181818181,0.12309149097933275,0.9800648829919079,0.009341262643206394,1.0,-0.007615047693252564,0.007615047693252564
0.01,1.0,6307,CWS,Conti,0,0.19933195412158966,0.4811507936507936,0.1724336488412528,0.5458541458541457,0.10799943683735139,0.8788581818181818,0.032464586987430814,0.2,-0.09840866262093187,0.10428991401568055
0.01,1.0,6764,TIBS,TIBS,1,0.9861793518066406,0.39940476190476193,0.2284186927691103,0.6446386946386946,0.1481946991874651,0.9502789855072467,0.020096324370469053,0.35,-0.6710941508412361,0.6710941508412361
0.01,1.0,6007,180solutions,Emotet,0,0.3001534342765808,0.7595238095238095,0.18956627904155285,0.6841491841491841,0.07700250190750085,0.9525908235634676,0.025355030023251308,0.05,-0.21557008977979422,0.21557008977979422
0.01,1.0,5059,Conti,Zeus,0,0.19569000601768494,0.5452380952380952,0.18224786888818678,0.40625942684766203,0.1046607698029714,0.8893231718381417,0.03621036411572805,0.0,-0.16558108418248593,0.16558108418248593
0.01,1.0,6912,TIBS,Maze,0,0.5388067364692688,0.7166666666666666,0.11902380714238085,0.7360139860139859,0.08655170485654944,0.9501340579710146,0.017162692399416105,0.9,-0.04681341201066971,0.08878468424081802
0.01,1.0,6626,Gator,Gator,1,0.3858468234539032,0.6499999999999999,0.2044155431607741,0.5857309357309356,0.13238773547438218,0.9141626863511363,0.0353063012284406,0.05,-0.2940793111920357,0.2940793111920357
0.01,1.0,6774,TIBS,TIBS,1,0.9278537631034851,0.8333333333333333,0.16666666666666669,1.0,0.0,0.9818913043478261,0.009241471712443189,1.0,-0.03180364966392517,0.040020722150802615
0.01,1.0,8647,Zeus,Gator,0,0.4742535948753357,0.6029761904761903,0.15605117735745708,0.6454378954378954,0.14507784944205387,0.9196193370965405,0.03951098109883323,0.7,-0.07692198613658548,0.20634658494964242
0.01,1.0,4232,Benign,Benign,1,0.999915361404419,0.7999999999999999,0.16329931618554525,0.9454545454545455,0.08331955809010617,0.9857476124517023,0.0060132857708755085,1.0,-0.018938472867012023,0.01894613802433014
0.01,1.0,3301,Benign,Benign,1,0.9999709129333496,0.95,0.11902380714238082,0.9818181818181818,0.05454545454545453,0.9889954071589997,0.013970063881363813,1.0,-1.5944242477416992e-05,1.6027688980102538e-05
0.01,1.0,6281,CWS,Transponder,0,0.2036837786436081,0.9,0.1527525231651947,0.8045454545454547,0.07007473381725564,0.9438985507246377,0.025479054331348866,0.25,-0.0036343378946185113,0.062171596102416515
0.01,1.0,1938,Benign,Benign,1,0.999972939491272,0.9,0.1527525231651947,0.9636363636363635,0.07272727272727271,0.9902784865495373,0.0065203818404673776,1.0,-2.7877092361450195e-05,2.7877092361450195e-05
0.01,1.0,3924,Benign,Benign,1,0.9971989393234253,0.9166666666666666,0.14433756729740646,0.7924242424242425,0.11104107067015305,0.9902165196471533,0.007614344746808885,1.0,-0.0030315488576889036,0.0031758099794387817
0.01,1.0,2440,Benign,Benign,1,0.9999690055847168,0.85,0.16583123951777,0.9818181818181818,0.05454545454545453,0.9812932857038712,0.015900467813575302,1.0,-0.0006918013095855713,0.0006918013095855713
0.01,1.0,5265,Maze,Maze,1,0.4403502941131592,0.5166666666666666,0.1507915622244668,0.6675990675990675,0.1180219421306213,0.9484094202898552,0.03118060010714,0.25,-0.15270552039146423,0.20055625438690186
0.01,1.0,4958,Conti,Ako,0,0.2706075608730316,0.5333333333333333,0.1817027050317992,0.6401931401931401,0.11170399257994963,0.9427304964539008,0.016426927550020294,0.2,-0.07957441285252571,0.08959973230957985
0.01,1.0,7476,Emotet,Shade,0,0.20342783629894257,0.38988095238095244,0.12382526227806379,0.4725940725940726,0.14252918412225735,0.8668512085685338,0.02752716615981222,0.15,-0.07332207057625055,0.09940332863479853
0.01,1.0,802,Benign,Benign,1,0.9999710321426392,0.9,0.1527525231651947,0.8545454545454545,0.07272727272727271,0.986822920463658,0.010291045683661407,1.0,-0.0004753828048706055,0.0004753828048706055
0.01,1.0,2871,Benign,Benign,1,0.9999607801437378,0.726190476190476,0.17292665531349943,0.8484848484848484,0.09819304088496757,0.9810381278705258,0.00866607704597924,1.0,-0.0021954268217086793,0.0021954268217086793
0.01,1.0,7007,Transponder,CWS,0,0.36550164222717285,0.6428571428571427,0.07142857142857144,0.9818181818181818,0.05454545454545453,0.9798293811451704,0.008556483856495434,0.4,-0.04949881508946419,0.04949881508946419
0.01,1.0,3883,Benign,Benign,1,0.9998937845230103,0.7547619047619046,0.16854385031337707,0.8151515151515152,0.09767734218961333,0.9835969964277902,0.008951403360673627,1.0,-0.017105826735496522,0.017105826735496522
0.01,1.0,6614,Gator,Shade,0,0.14836521446704865,0.4107142857142857,0.13323231717618683,0.5177614052614052,0.14782538042190121,0.8675749023013459,0.04542724351419343,0.3,0.004088311735540628,0.10689506744965911
0.01,1.0,8622,Zeus,Shade,0,0.21795758605003357,0.39186507936507936,0.13165321721065093,0.5567266067266067,0.13827179828334044,0.9140649876972065,0.027003994048778318,0.3,-0.03992065079510212,0.11418362744152546
0.01,1.0,6057,180solutions,Emotet,0,0.2605852484703064,0.657142857142857,0.17535192990020923,0.6314518814518814,0.09392037375219443,0.9259227095093354,0.0278694484694543,0.05,-0.17654600637033582,0.17654600637033582
0.01,1.0,6821,TIBS,TIBS,1,0.37889450788497925,0.699404761904762,0.3123015242734048,0.8696969696969697,0.12966722966869498,0.9558876811594204,0.02264188240395157,0.4,-0.20054539628326892,0.20186611004173755
0.01,1.0,8376,Scar,Shade,0,0.2202632576227188,0.43154761904761907,0.1389278573450453,0.5095238095238095,0.09124409043751686,0.8874764799536834,0.03461713363111438,0.3,-0.044333750102669,0.17156571159139275
0.01,1.0,6620,Gator,Gator,1,0.3352084159851074,0.3948412698412699,0.1482263706001568,0.5152680652680652,0.13424437805374032,0.8679005644811115,0.035129164815759346,0.0,-0.28570564163383094,0.28570564163383094
0.01,1.0,7502,Emotet,Emotet,1,0.9244049787521362,0.5166666666666667,0.1507915622244668,0.7272727272727273,0.07422696190252058,0.9592813721233174,0.02304246158189326,0.5,-0.5609831055626273,0.5609831055626273
0.01,1.0,1719,Benign,Benign,1,0.999895453453064,0.7095238095238094,0.16141382149217423,0.8166666666666667,0.11112373665641762,0.9772435663774879,0.012305160864709511,1.0,-0.020559471845626832,0.020559471845626832
0.01,1.0,8293,Scar,CWS,0,0.3880627155303955,0.6357142857142856,0.12623539182677682,0.7095571095571096,0.11431754476251237,0.9160641989589356,0.02284623894461628,0.5,-0.10657773390412331,0.13300255909562111
0.01,1.0,7850,Refroso,CWS,0,0.2153172343969345,0.47916666666666663,0.1149210391446894,0.5357808857808857,0.11976871997773764,0.9296884037015614,0.017654537184904697,0.2,-0.10134785692207515,0.11693133334629238
0.01,1.0,3538,Benign,Benign,1,0.9999507665634155,0.7,0.24003967925959166,0.8772727272727272,0.12176955157780642,0.986946854268426,0.007932369046341894,1.0,-0.002276289463043213,0.002276289463043213
0.01,1.0,7438,Emotet,Scar,0,0.28280285000801086,0.6571428571428571,0.17535192990020923,0.6963869463869464,0.11990934056683425,0.9523933950281254,0.018703747465641428,0.2,-0.17292612548917533,0.17292612548917533
0.01,1.0,1943,Benign,Benign,1,0.9999697208404541,1.0,0.0,0.9818181818181818,0.05454545454545453,0.980068528103813,0.012104173546499307,1.0,-4.297494888305664e-06,4.297494888305664e-06
0.01,1.0,5049,Conti,Maze,0,0.20282988250255585,0.2966269841269841,0.0914152998938018,0.5767399267399267,0.10997234407817416,0.8881739130434785,0.024896230763675562,0.05,-0.13599389754235744,0.13599389754235744
0.01,1.0,7071,Transponder,Transponder,1,0.3345085084438324,0.7928571428571429,0.19936122481361235,0.7629370629370629,0.12233232594940302,0.9586159420289855,0.018084739795876586,0.35,-0.08086331933736801,0.08223401755094528
0.01,1.0,7512,Emotet,Emotet,1,0.8014005422592163,0.47619047619047616,0.09523809523809523,0.46318681318681315,0.07147528293231536,0.9052793457808654,0.03422001158763262,0.05,-0.7064640830736607,0.7064640830736607
0.01,1.0,8743,Zeus,Pysa,0,0.3644769489765167,0.6833333333333332,0.07264831572567791,0.8045454545454545,0.07007473381725564,0.967166714864083,0.016172002826554725,0.4,-0.056944568455219266,0.08329634815454483
0.01,1.0,8789,Pysa,Ako,0,0.4016123116016388,0.34226190476190477,0.15651668473409205,0.5348651348651348,0.11363616725138219,0.9133412939643941,0.02514825282609373,0.4,-0.21990277441218495,0.22854784997180105
0.01,1.0,976,Benign,Benign,1,0.9999699592590332,0.8833333333333332,0.1589898669028243,0.9727272727272727,0.0649220766231168,0.979999270977619,0.013833346635530316,1.0,-0.0021254271268844604,0.0021254509687423707
0.01,1.0,978,Benign,Benign,1,0.9999716281890869,0.8666666666666666,0.16329931618554522,0.9454545454545453,0.08331955809010616,0.9888678282423271,0.009879372288699124,1.0,-0.0002093791961669922,0.0002093791961669922
0.01,1.0,7811,Reconyc,Refroso,0,0.6703419089317322,0.4523809523809524,0.14136121532187992,0.6815850815850815,0.11846308878352269,0.9434763636363636,0.022317659760603993,0.2,-0.5539772311341948,0.5539772311341948
0.01,1.0,243,Benign,Benign,1,0.999968409538269,0.9333333333333332,0.13333333333333336,0.9636363636363636,0.07272727272727271,0.9827112342348909,0.013790095228606903,1.0,-0.0004268229007720947,0.0004268229007720947
0.01,1.0,6726,Gator,Zeus,0,0.30540260672569275,0.5476190476190474,0.11904761904761905,0.47893772893772885,0.11162774535115408,0.9038613681727451,0.02741551697685081,0.45,-0.16211102306842803,0.16211102306842803
0.01,1.0,4029,Benign,Benign,1,0.9999030828475952,0.6238095238095237,0.13375782766845848,0.8363636363636363,0.054545454545454536,0.983782897134942,0.0096613338630721,1.0,-0.004182788729667664,0.004202923178672791
0.01,1.0,5189,Maze,Conti,0,0.30182984471321106,0.7172619047619047,0.1916583479413326,0.7208624708624708,0.08406770490466868,0.9562290909090907,0.02048175192661681,0.75,-0.07773721180856227,0.10454007349908352
0.01,1.0,3297,Benign,Benign,1,0.9999675750732422,0.9,0.1527525231651947,0.9545454545454545,0.07872958216222167,0.9776044324560764,0.012206360280377419,1.0,-3.991425037384033e-05,3.991425037384033e-05
0.01,1.0,1645,Benign,Benign,1,0.9999710321426392,0.9666666666666666,0.1,0.9454545454545455,0.08331955809010617,0.992316104104396,0.006210457755743968,1.0,-1.9171833992004393e-05,1.9314885139465333e-05
0.01,1.0,8886,Ako,Zeus,0,0.1517789512872696,0.5761904761904761,0.15126076356446277,0.5244255744255744,0.11959790638322905,0.9259081836327342,0.03113052980067425,0.05,-0.08734181774780155,0.08734181774780155
0.01,1.0,6672,Gator,Gator,1,0.6387476325035095,0.5238095238095237,0.11664236870396086,0.5829170829170829,0.1148659295683466,0.9082573454913879,0.023568307256404075,0.75,-0.22132825031876563,0.2562044598162174
0.01,1.0,3211,Benign,Benign,1,0.9999737739562988,0.9,0.1527525231651947,0.9272727272727271,0.08907235428302465,0.9893271123423488,0.007115699124791921,1.0,-3.07619571685791e-05,3.07619571685791e-05
0.01,1.0,6265,CWS,Conti,0,0.1208188608288765,0.5297619047619047,0.1459244127634674,0.48461538461538456,0.11414885672445411,0.9258727272727271,0.021370706760376872,0.0,-0.06603730041533709,0.06774619314819574
0.01,1.0,9274,Shade,Shade,1,0.27419015765190125,0.5821428571428571,0.1730454503624885,0.5624042624042623,0.1371312554910574,0.9032204371110145,0.02873816060788344,0.2,-0.1465449148789048,0.15439089182764293
0.01,1.0,3887,Benign,Benign,1,0.9999668598175049,0.8833333333333334,0.1589898669028243,0.9454545454545455,0.08331955809010617,0.9785266457680251,0.014359547657322816,1.0,-0.0013150542974472046,0.0013150542974472046
0.01,1.0,8287,Scar,TIBS,0,0.322860985994339,0.7833333333333332,0.1589898669028243,0.7504329004329005,0.1340962809317792,0.9403152173913044,0.022986796514731275,0.8,0.07638726606965066,0.1471388541162014
0.01,1.0,5350,Maze,Emotet,0,0.1503983438014984,0.43650793650793657,0.15976842967616978,0.6356143856143855,0.12416858060453499,0.9141373570704875,0.028132205546889853,0.1,-0.08310311087407171,0.08449077853001655
0.01,1.0,8264,Scar,Emotet,0,0.23107632994651794,0.6976190476190476,0.1725328191856411,0.6158175158175158,0.1279113664613469,0.9111014618613401,0.034502074234498296,0.05,-0.16183447821531444,0.16389604492578655
0.01,1.0,3962,Benign,Benign,1,0.9999700784683228,0.9,0.1527525231651947,1.0,0.0,0.9876831668732231,0.0111492640456744,1.0,-1.875758171081543e-05,1.875758171081543e-05
0.01,1.0,9189,Shade,Zeus,0,0.33775120973587036,0.4999999999999999,0.10910894511799618,0.6340326340326341,0.11710822085855918,0.921085102522228,0.027561853942564864,0.1,-0.2587069136090577,0.2587069136090577
0.01,1.0,8391,Scar,Gator,0,0.3058505058288574,0.3501984126984127,0.15791893397479273,0.41483516483516486,0.12861003563414478,0.8580366189028801,0.03984015356331538,0.0,-0.2783171268296428,0.2783171268296428
0.01,1.0,4585,Benign,Benign,1,0.9999693632125854,0.9,0.1527525231651947,0.9636363636363635,0.0727272727272727,0.9825071079682145,0.014360824509878646,1.0,-3.36378812789917e-05,3.36378812789917e-05
0.01,1.0,7073,Transponder,Shade,0,0.30214324593544006,0.5226190476190475,0.1746757605255885,0.7235431235431236,0.10954074172232084,0.9367564046895354,0.026803176412123816,0.5,-0.06331305801868439,0.10282297432422638
0.01,1.0,7498,Emotet,Conti,0,0.25754886865615845,0.3928571428571429,0.07142857142857142,0.5713286713286714,0.1555190382207539,0.8790581818181817,0.03490797327756377,0.15,-0.1395154400728643,0.1395154400728643
0.01,1.0,216,Benign,Benign,1,0.9999698400497437,0.9166666666666666,0.14433756729740646,0.8999999999999998,0.09045340337332908,0.9849493329445214,0.011114124327804342,1.0,-2.9981136322021484e-05,2.9981136322021484e-05
0.01,1.0,6328,CWS,Gator,0,0.2952124774456024,0.40178571428571425,0.13764679856960924,0.4663003663003663,0.09839853317312702,0.8605007960631059,0.04400546123624356,0.2,-0.21392949864966795,0.21392949864966795
0.01,1.0,5734,180solutions,Shade,0,0.3207732141017914,0.4821428571428571,0.1316270499255713,0.41927655677655673,0.09113367743880546,0.8795230858300765,0.03430850162217875,0.1,-0.22312583439052106,0.22312583439052106
0.01,1.0,5419,Pysa,Shade,0,0.22322818636894226,0.37281746031746027,0.18825789547952682,0.5018772893772894,0.11775163663263863,0.8772108843537414,0.04101791186612628,0.15,-0.09807674419134856,0.12471234928816557
0.01,1.0,5481,Pysa,Transponder,0,0.34238436818122864,0.4809523809523809,0.18475024509110805,0.5904928404928405,0.12471393192743778,0.9494746376811595,0.013033649175002954,0.05,-0.258411299623549,0.258411299623549
0.01,1.0,8927,Ako,Gator,0,0.5390827059745789,0.6642857142857143,0.14003158050031062,0.6152181152181152,0.11929350591971419,0.899529599073672,0.025855523184240586,0.45,-0.2338814676972106,0.2728810490341857
0.01,1.0,7672,Reconyc,Refroso,0,0.6074556708335876,0.38690476190476186,0.1491266462231234,0.5732600732600732,0.08470572219668261,0.8711963636363634,0.02933793730461051,0.05,-0.5520369204925373,0.5520369204925373
0.01,1.0,9010,Ako,Reconyc,0,0.31101253628730774,0.4523809523809524,0.14136121532187995,0.6412254412254412,0.1642338737120439,0.9273375307569834,0.03637111099029581,0.1,-0.2255394782871008,0.22735041938722134
0.01,1.0,260,Benign,Benign,1,0.9998169541358948,0.7523809523809523,0.22008038111031128,0.840909090909091,0.10578969730127986,0.9799227236276152,0.01119685347038345,1.0,-0.01090920865535736,0.01090920865535736
0.01,1.0,3067,Benign,Benign,1,0.9999734163284302,0.9166666666666666,0.14433756729740646,0.9272727272727271,0.08907235428302465,0.9899139753590436,0.0074115182917234845,1.0,-0.0006583541631698609,0.0006583541631698609
0.01,1.0,4648,Benign,Benign,1,0.9999731779098511,0.9333333333333332,0.13333333333333336,0.9181818181818182,0.09045340337332905,0.9876722315375082,0.010412723926314005,1.0,-2.9942393302917482e-05,2.9942393302917482e-05
0.01,1.0,6324,CWS,Transponder,0,0.2576449513435364,0.5422619047619047,0.21059907396436608,0.7833333333333334,0.10062933283224446,0.9251884057971015,0.019599103773516237,0.15,-0.1511335015296936,0.1511335015296936
0.01,1.0,8570,Zeus,Ako,0,0.37242576479911804,0.7809523809523808,0.21317170748189895,0.7208624708624708,0.08406770490466868,0.9485562310030394,0.01537876043800039,0.85,-0.026825056970119478,0.056930311024188995
0.01,1.0,3079,Benign,Benign,1,0.9999452829360962,0.6738095238095237,0.1906398106770094,0.8545454545454545,0.07272727272727271,0.9836006415396952,0.006286036433272672,1.0,-0.0038972705602645873,0.0038972705602645873
0.01,1.0,7726,Reconyc,180solutions,0,0.1866018921136856,0.588095238095238,0.14851876355953042,0.5799200799200799,0.09127930312542942,0.8683596009253902,0.02689807689998828,0.15,-0.06360756810754538,0.0990659600123763
0.01,1.0,5558,Pysa,Zeus,0,0.22044554352760315,0.5047619047619047,0.19167775773884507,0.45082417582417583,0.13244180390392576,0.9039049174378514,0.03039287264071397,0.05,-0.16104273763485252,0.16104273763485252
0.01,1.0,1507,Benign,Benign,1,0.9999737739562988,0.9166666666666666,0.14433756729740646,0.9636363636363636,0.07272727272727271,0.9859845447255232,0.010290090220149796,1.0,-1.7589330673217775e-05,1.7589330673217775e-05
0.01,1.0,8418,Scar,Emotet,0,0.26374366879463196,0.5119047619047619,0.11356419064487447,0.47147435897435896,0.09449523390007561,0.9207229700390794,0.028399179421448796,0.0,-0.19685248679015785,0.19685248679015785
0.01,1.0,5083,Conti,Zeus,0,0.25836965441703796,0.6452380952380952,0.18224786888818678,0.4386446886446887,0.14932076171486489,0.9189983669025585,0.023195554443451234,0.05,-0.20001216218806803,0.20001216218806803
0.01,1.0,635,Benign,Benign,1,0.9999709129333496,0.9166666666666666,0.14433756729740646,0.9636363636363635,0.0727272727272727,0.9876211999708392,0.013941942645454957,1.0,-3.4242868423461914e-05,3.4242868423461914e-05
0.01,1.0,9132,Shade,Shade,1,0.49229735136032104,0.4404761904761904,0.1325658181626196,0.4130494505494505,0.0805587465089515,0.8762483716891012,0.02890705817160943,0.05,-0.35932448599487543,0.35932448599487543
0.01,1.0,555,Benign,Benign,1,0.9999711513519287,0.95,0.11902380714238084,0.9272727272727274,0.08907235428302462,0.9905700955019319,0.0062207986400956,1.0,-2.022087574005127e-05,2.0244717597961424e-05
0.01,1.0,3981,Benign,Benign,1,0.9999717473983765,0.8714285714285713,0.182014427177299,0.793939393939394,0.1233150906022776,0.9837428009039876,0.010698164363683411,1.0,-0.001268675923347473,0.001268675923347473
0.01,1.0,9232,Shade,Pysa,0,0.503733217716217,0.6648809523809522,0.20551753570679362,0.8424242424242424,0.11798740808443506,0.952461683053788,0.02012981026801543,0.95,-0.04409713894128799,0.07442142516374588
0.01,1.0,4983,Conti,Scar,0,0.18044079840183258,0.6577380952380951,0.2310528438835295,0.6765234765234764,0.16894933274619803,0.9208201778261659,0.03057109729044158,0.05,-0.06481432300060988,0.06906200181692838
0.01,1.0,7150,Transponder,Transponder,1,0.6083027720451355,0.6952380952380952,0.22253945610567474,0.7447552447552447,0.09653980601342112,0.9395072463768116,0.020818521514728915,0.7,-0.21405069567263127,0.21745244599878788
0.01,1.0,8043,Refroso,Zeus,0,0.14958980679512024,0.6886904761904761,0.18996490157973805,0.4898101898101898,0.11590750488340236,0.9256650335692249,0.023281080718075914,0.4,-0.008974895067512988,0.04503051955252886
0.01,1.0,6323,CWS,Transponder,0,0.23073062300682068,0.6488095238095237,0.24288340194170435,0.7417249417249416,0.13570478173748027,0.9417826086956523,0.017328909813139125,0.45,-0.01321024764329195,0.13029620815068482
0.01,1.0,5076,Conti,Zeus,0,0.4353407621383667,0.47916666666666663,0.1149210391446894,0.5163461538461538,0.13667602358542583,0.9093050263110143,0.025711042506291196,0.15,-0.32788822436705234,0.32788822436705234
0.01,1.0,4451,Benign,Benign,1,0.9998407363891602,0.7023809523809523,0.19452541236152612,0.8045454545454545,0.1416403313716626,0.9592877451337755,0.019019891788213148,1.0,-0.02677195966243744,0.026773127913475036
0.01,1.0,2133,Benign,Benign,1,0.9999732971191406,0.9833333333333332,0.0726483157256779,0.9545454545454547,0.07872958216222167,0.9913064081067289,0.009663407531797192,1.0,-9.328126907348633e-06,9.328126907348633e-06
0.01,1.0,6168,CWS,Scar,0,0.19642767310142517,0.7071428571428571,0.2141666335794993,0.55018315018315,0.09332108418134026,0.9340555253130102,0.027287721039006084,0.25,-0.06545547735877336,0.08540471983142198
0.01,1.0,1396,Benign,Benign,1,0.9998509883880615,0.8333333333333333,0.16666666666666669,0.8863636363636364,0.1237888987755166,0.9780892323394328,0.008707758842029527,1.0,-0.012119311094284057,0.012119311094284057
0.02,2.0,4682,Benign,Benign,1,0.9999737739562988,0.95,0.11902380714238082,0.990909090909091,0.03962635403218793,0.9884778012684989,0.007876224839474548,1.0,-0.0008354395627975464,0.0008354395627975464
0.02,2.0,3966,Benign,Benign,1,0.9999704360961914,0.9,0.1527525231651947,0.8909090909090909,0.08907235428302462,0.9851097178683388,0.008648242127729027,1.0,-0.0011298656463623047,0.001129889488220215
0.02,2.0,6493,Gator,Gator,1,0.6376500725746155,0.42857142857142855,0.12198750911856664,0.5097069597069597,0.09415611797534847,0.8976588507743524,0.04169720992821751,0.5,-0.3519975424744189,0.35531768212094905
0.02,2.0,51,Benign,Benign,1,0.9998937845230103,0.7309523809523809,0.19417538884383123,0.7772727272727272,0.11668634229994036,0.9734526499963548,0.013778566876933266,1.0,-0.02183983027935028,0.02183983027935028
0.02,2.0,6307,CWS,Conti,0,0.19933195412158966,0.46726190476190477,0.10693597751917665,0.5833999333999333,0.11491047199253618,0.8628472727272726,0.03546670020089966,0.0,-0.1298621904104948,0.1298621904104948
0.02,2.0,6764,TIBS,TIBS,1,0.9861793518066406,0.5404761904761903,0.19628060805261857,0.7592074592074592,0.14737963860250178,0.9675434782608695,0.02154959525514517,0.8,-0.30976797752082347,0.30976797752082347
0.02,2.0,6007,180solutions,Emotet,0,0.3001534342765808,0.6648809523809524,0.20551753570679362,0.6684149184149184,0.12085718834059002,0.94269431176726,0.028428973154548842,0.15,-0.20428897386300376,0.2107934946368914
0.02,2.0,5059,Conti,Zeus,0,0.19569000601768494,0.5285714285714286,0.19548474547720013,0.39175824175824175,0.10374192882029341,0.900936309199782,0.03579381566653893,0.0,-0.15238056785892695,0.15238056785892695
0.02,2.0,6912,TIBS,Maze,0,0.5388067364692688,0.7428571428571427,0.182201204473419,0.6864801864801864,0.09890292085583587,0.9281231884057972,0.02379867137224734,0.95,-0.06130962818861008,0.1094421312212944
0.02,2.0,6626,Gator,Gator,1,0.3858468234539032,0.4511904761904762,0.19162229595845579,0.5228438228438228,0.14630762521526686,0.8875886524822695,0.04005805367230423,0.0,-0.3424479026114568,0.3424479026114568
0.02,2.0,6774,TIBS,TIBS,1,0.9278537631034851,0.7190476190476189,0.20476190476190478,0.9545454545454545,0.07872958216222167,0.9670760869565218,0.016948147241425376,1.0,-0.10347302705049514,0.10953737050294876
0.02,2.0,8647,Zeus,Gator,0,0.4742535948753357,0.6119047619047618,0.1398695537402335,0.5751581751581751,0.1010156715983298,0.8974489795918366,0.0294481417586706,0.25,-0.3183002492878586,0.322531475732103
0.02,2.0,4232,Benign,Benign,1,0.999915361404419,0.7666666666666665,0.1527525231651947,0.9287878787878787,0.1019889441063419,0.9860100605088575,0.005500274575495285,0.95,-0.04705057442188263,0.047056916356086734
0.02,2.0,3301,Benign,Benign,1,0.9999709129333496,0.95,0.11902380714238082,0.9818181818181818,0.05454545454545453,0.989892104687614,0.011041675729280718,1.0,-0.0023036807775497436,0.0023036807775497436
0.02,2.0,6281,CWS,Transponder,0,0.2036837786436081,0.6607142857142857,0.23757383385089412,0.7156177156177156,0.10197968696609494,0.9135579710144928,0.03528975017095975,0.25,-0.040038312412798406,0.08552915249019861
0.02,2.0,1938,Benign,Benign,1,0.999972939491272,0.8833333333333334,0.1589898669028243,0.9454545454545453,0.08331955809010616,0.9907778668805131,0.00676183487098226,1.0,-0.001110711693763733,0.001110711693763733
0.02,2.0,3924,Benign,Benign,1,0.9971989393234253,0.9166666666666666,0.14433756729740646,0.8,0.10730867399773199,0.9797514033680834,0.014696680306225712,1.0,-0.002252304553985596,0.002565222978591919
0.02,2.0,2440,Benign,Benign,1,0.9999690055847168,0.8666666666666666,0.1632993161855452,0.9363636363636363,0.08672174558335867,0.9844098563825909,0.013564152002530423,1.0,-0.0036317944526672364,0.003631889820098877
0.02,2.0,5265,Maze,Maze,1,0.4403502941131592,0.5357142857142856,0.11845088536983571,0.6608391608391608,0.11587801550193001,0.9395181159420292,0.025539353917214045,0.55,-0.1647773150354624,0.16581049598753453
0.02,2.0,4958,Conti,Ako,0,0.2706075608730316,0.5,0.10910894511799618,0.6486013986013985,0.06409991518154799,0.9240230134607035,0.02069165898285563,0.1,-0.10658585429191589,0.10658585429191589
0.02,2.0,7476,Emotet,Shade,0,0.20342783629894257,0.3859126984126984,0.15127260507310444,0.4472527472527473,0.13969701430762432,0.8541431466203502,0.042841333276082506,0.25,-0.025064677838236092,0.15204714024439453
0.02,2.0,802,Benign,Benign,1,0.9999710321426392,0.9166666666666666,0.14433756729740646,0.8560606060606061,0.08931686456478481,0.985867901144565,0.009471941643410663,1.0,-0.0012272208929061889,0.0012272208929061889
0.02,2.0,2871,Benign,Benign,1,0.9999607801437378,0.6857142857142856,0.18220120447341895,0.8166666666666667,0.11112373665641762,0.975924035867901,0.009838098957958653,1.0,-0.0074074089527130125,0.0074074089527130125
0.02,2.0,7007,Transponder,CWS,0,0.36550164222717285,0.6523809523809523,0.1491472358415793,0.9272727272727271,0.08907235428302465,0.9692054655870443,0.013297014046125427,0.35,-0.07623039558529854,0.07623039558529854
0.02,2.0,3883,Benign,Benign,1,0.9998937845230103,0.7595238095238095,0.18956627904155285,0.8045454545454545,0.1416403313716626,0.9800393672085732,0.012071796174496717,1.0,-0.011629265546798707,0.011629265546798707
0.02,2.0,6614,Gator,Shade,0,0.14836521446704865,0.37500000000000006,0.08183170883849714,0.5071886446886447,0.11442353498084142,0.8587205094803878,0.03180316222648102,0.05,-0.04837893303483724,0.07775721158832312
0.02,2.0,8622,Zeus,Shade,0,0.21795758605003357,0.34424603174603174,0.1633594536551634,0.509618567706803,0.18522782839576757,0.8859965262700824,0.0394442170486753,0.3,-0.061364128300920126,0.11580615849234163
0.02,2.0,6057,180solutions,Emotet,0,0.2605852484703064,0.6547619047619045,0.051891654089769916,0.5620879120879121,0.09222825670976148,0.9217325227963524,0.0274519126280911,0.05,-0.21079697622917593,0.21079697622917593
0.02,2.0,6821,TIBS,TIBS,1,0.37889450788497925,0.6113095238095237,0.24366331530308333,0.8621212121212121,0.13669152498510956,0.9621014492753623,0.02082541122218215,0.5,-0.1995895031373948,0.1995895031373948
0.02,2.0,8376,Scar,Shade,0,0.2202632576227188,0.439484126984127,0.172912426297396,0.4881410256410256,0.09799196983889508,0.8818099580257636,0.03134478946717259,0.35,-0.003667912259697914,0.1603159535676241
0.02,2.0,6620,Gator,Gator,1,0.3352084159851074,0.33531746031746035,0.12296786057417591,0.4556068931068931,0.13491170287016863,0.8512881748444057,0.05198906123275126,0.05,-0.30075287986546756,0.30075287986546756
0.02,2.0,7502,Emotet,Emotet,1,0.9244049787521362,0.48988095238095236,0.17754766055543364,0.7121212121212119,0.06943296507508853,0.9354646113764655,0.027313392985038366,0.3,-0.7270906525664032,0.7270906525664032
0.02,2.0,1719,Benign,Benign,1,0.999895453453064,0.7428571428571428,0.18220120447341898,0.7826340326340326,0.15119542201990085,0.9793322154990157,0.015301613636631626,1.0,-0.013191694021224975,0.01319752335548401
0.02,2.0,8293,Scar,CWS,0,0.3880627155303955,0.557142857142857,0.18201442717729896,0.6124542124542123,0.09347910709681705,0.9142025737420472,0.02598367260835208,0.55,-0.0756716350093484,0.1077227184548974
0.02,2.0,7850,Refroso,CWS,0,0.2153172343969345,0.3462301587301588,0.13150361973353977,0.47106227106227105,0.09405720407266224,0.9108263447079233,0.02177716584819737,0.15,-0.08628230118192733,0.10588134848512709
0.02,2.0,3538,Benign,Benign,1,0.9999507665634155,0.6934523809523809,0.2103431962391026,0.8757575757575757,0.11047106747611021,0.9848764307064226,0.00875611647091106,1.0,-0.00741986334323883,0.00741986334323883
0.02,2.0,7438,Emotet,Scar,0,0.28280285000801086,0.6452380952380953,0.18224786888818678,0.7192141192141192,0.1282777449590663,0.949366721103248,0.014352281965293291,0.0,-0.1987773021683097,0.1987773021683097
0.02,2.0,1943,Benign,Benign,1,0.9999697208404541,0.8833333333333332,0.1589898669028243,0.9636363636363636,0.07272727272727271,0.980954290296712,0.01384144314809625,1.0,-0.001731601357460022,0.001731601357460022
0.02,2.0,5049,Conti,Maze,0,0.20282988250255585,0.2573412698412698,0.14280353381249833,0.5121336996336996,0.11138591062797275,0.869413043478261,0.036677140195174054,0.1,-0.11595958918333053,0.12283282577991486
0.02,2.0,7071,Transponder,Transponder,1,0.3345085084438324,0.7380952380952379,0.159719141249985,0.7796037296037296,0.13051422351972047,0.9601847826086958,0.013622677199011713,0.55,-0.07407468259334564,0.07407468259334564
0.02,2.0,7512,Emotet,Emotet,1,0.8014005422592163,0.4821428571428571,0.13162704992557128,0.43594322344322345,0.10352946839679947,0.8942140686061657,0.028250929631214273,0.1,-0.7371430013561622,0.7371430013561622
0.02,2.0,8743,Zeus,Pysa,0,0.3644769489765167,0.6809523809523809,0.1580062859336863,0.8045454545454545,0.07007473381725564,0.9582598322729898,0.0198220401402211,0.4,-0.05592193305492401,0.08977608978748322
0.02,2.0,8789,Pysa,Ako,0,0.4016123116016388,0.32043650793650796,0.14050575309954047,0.5467698967698966,0.11434648984972781,0.9105369807497465,0.02498048412815937,0.05,-0.3128198348917067,0.3128198348917067
0.02,2.0,976,Benign,Benign,1,0.9999699592590332,0.8166666666666667,0.16583123951777,0.9454545454545455,0.08331955809010617,0.9798498213895167,0.010283929869677045,1.0,-0.003613346815109253,0.003613346815109253
0.02,2.0,978,Benign,Benign,1,0.9999716281890869,0.8833333333333332,0.1589898669028243,0.9196969696969697,0.10333066734319704,0.9855289057374061,0.0108007439830915,1.0,-0.0014446347951889039,0.0014446347951889039
0.02,2.0,7811,Reconyc,Refroso,0,0.6703419089317322,0.42857142857142855,0.20331251519761104,0.5732600732600732,0.08470572219668261,0.9264836363636363,0.026908189419788894,0.15,-0.6026290839654393,0.6026290839654393
0.02,2.0,243,Benign,Benign,1,0.999968409538269,0.8833333333333332,0.1589898669028243,0.9363636363636363,0.08672174558335867,0.9746117955821243,0.013077834023946265,1.0,-0.005163314938545227,0.005163314938545227
0.02,2.0,6726,Gator,Zeus,0,0.30540260672569275,0.5595238095238094,0.1184508853698357,0.48014901764901763,0.1227255844336759,0.8979967338051169,0.030762514318160735,0.15,-0.1959744941443205,0.1959744941443205
0.02,2.0,4029,Benign,Benign,1,0.9999030828475952,0.6523809523809523,0.1491472358415793,0.8818181818181818,0.08672174558335867,0.9851206532040534,0.008903775107612952,1.0,-0.026988786458969117,0.02700243592262268
0.02,2.0,5189,Maze,Conti,0,0.30182984471321106,0.5886904761904762,0.21160609637407837,0.6789044289044288,0.09421655077371231,0.942309090909091,0.021773285625788053,0.3,-0.155703501123935,0.17396370889618992
0.02,2.0,3297,Benign,Benign,1,0.9999675750732422,0.7833333333333332,0.1589898669028243,0.9181818181818182,0.09045340337332908,0.9733870379820659,0.011915702442872978,1.0,-0.003575339913368225,0.003575339913368225
0.02,2.0,1645,Benign,Benign,1,0.9999710321426392,0.9166666666666666,0.14433756729740646,0.9454545454545455,0.08331955809010616,0.990723190201939,0.005822688339338648,1.0,-0.0007371783256530761,0.0007371902465820312
0.02,2.0,8886,Ako,Zeus,0,0.1517789512872696,0.5363095238095238,0.19186528454873222,0.4291208791208792,0.09178200068210747,0.910571584104518,0.0308669179424653,0.0,-0.08934893403202296,0.08934893403202296
0.02,2.0,6672,Gator,Gator,1,0.6387476325035095,0.4303571428571429,0.18970360429626315,0.5641691641691641,0.10998868423137546,0.8910334346504559,0.02548341437334052,0.4,-0.3721119014080614,0.41566219604574145
0.02,2.0,3211,Benign,Benign,1,0.9999737739562988,0.8833333333333332,0.1589898669028243,0.9272727272727271,0.08907235428302465,0.987726908216082,0.005144144077641845,1.0,-0.001175910234451294,0.001175910234451294
0.02,2.0,6265,CWS,Conti,0,0.1208188608288765,0.5059523809523808,0.14098475336103583,0.46304945054945057,0.11262666906265341,0.9177127272727272,0.02736822528721767,0.0,-0.09258883851580321,0.09258883851580321
0.02,2.0,9274,Shade,Shade,1,0.27419015765190125,0.5029761904761905,0.12609357240663607,0.4907051282051282,0.1166252115094032,0.8795013750180922,0.030229801023823992,0.15,-0.16560109802521766,0.16918495246209203
0.02,2.0,3887,Benign,Benign,1,0.9999668598175049,0.9166666666666666,0.14433756729740646,0.9545454545454547,0.07872958216222167,0.9808959685062331,0.013605879578310618,1.0,-0.001663479208946228,0.001663479208946228
0.02,2.0,8287,Scar,TIBS,0,0.322860985994339,0.6244047619047619,0.20141488611621128,0.5966533466533466,0.16113527492828872,0.9248876811594202,0.021448791551045707,0.6,-0.03840823695063591,0.17049576863646507
0.02,2.0,5350,Maze,Emotet,0,0.1503983438014984,0.4821428571428571,0.1316270499255713,0.598118548118548,0.12834868233877414,0.903947749312491,0.02409767422260869,0.05,-0.10596783603541553,0.10762153710238635
0.02,2.0,8264,Scar,Emotet,0,0.23107632994651794,0.6214285714285713,0.19312151192279678,0.5677655677655677,0.09017240750982541,0.9113438992618323,0.02903103046820009,0.1,-0.16401850566617213,0.17321822926751337
0.02,2.0,3962,Benign,Benign,1,0.9999700784683228,0.85,0.16583123951777,0.9363636363636363,0.08672174558335867,0.9865057957279287,0.011869480681092007,1.0,-0.0026893138885498045,0.0026893138885498045
0.02,2.0,9189,Shade,Zeus,0,0.33775120973587036,0.6309523809523808,0.08501700510170059,0.6262071262071262,0.1059039226658789,0.9243041190346577,0.02894188163902186,0.15,-0.25048698727041485,0.25048698727041485
0.02,2.0,8391,Scar,Gator,0,0.3058505058288574,0.34523809523809523,0.13363062095621217,0.38452380952380955,0.08781325526623822,0.8683311622521348,0.03313627096650442,0.0,-0.288490390923107,0.288490390923107
0.02,2.0,4585,Benign,Benign,1,0.9999693632125854,0.9166666666666666,0.14433756729740646,0.9818181818181818,0.05454545454545453,0.9870197565065247,0.012553576475693311,1.0,-0.0010865271091461183,0.0010865271091461183
0.02,2.0,7073,Transponder,Shade,0,0.30214324593544006,0.45138888888888884,0.17980996852105124,0.6585081585081585,0.09724080132221984,0.9102294109133015,0.030146256833763818,0.4,-0.08102206066250801,0.14180208519101142
0.02,2.0,7498,Emotet,Conti,0,0.25754886865615845,0.34424603174603174,0.12293183893702803,0.5361929736929736,0.11989077679014373,0.8682254545454544,0.03247834136545831,0.2,-0.16162497587502003,0.16162497587502003
0.02,2.0,216,Benign,Benign,1,0.9999698400497437,0.9333333333333333,0.13333333333333333,0.9181818181818182,0.09045340337332905,0.9861923161041044,0.009677628636033987,1.0,-0.001256045699119568,0.001256045699119568
0.02,2.0,6328,CWS,Gator,0,0.2952124774456024,0.4970238095238094,0.1509078254058002,0.44029304029304034,0.1003194992617776,0.8800875669416701,0.030728852937298164,0.15,-0.20586538178031333,0.20708421033923513
0.02,2.0,5734,180solutions,Shade,0,0.3207732141017914,0.3948412698412698,0.14822637060015684,0.40915750915750915,0.12320291061680193,0.8606925749023011,0.03774867588566488,0.0,-0.2461127184331417,0.2461127184331417
0.02,2.0,5419,Pysa,Shade,0,0.22322818636894226,0.36904761904761907,0.10975648163443913,0.4480634561516915,0.1444517721153099,0.8509299464466636,0.03814035064637149,0.2,-0.09329992700368166,0.11795214880257845
0.02,2.0,5481,Pysa,Transponder,0,0.34238436818122864,0.45138888888888884,0.17980996852105127,0.5067765567765568,0.11419101810786911,0.9237101449275362,0.0221174282935544,0.0,-0.24619277543388307,0.24619277543388307
0.02,2.0,8927,Ako,Gator,0,0.5390827059745789,0.556547619047619,0.15891296516919634,0.5335164835164834,0.10051775289855365,0.8876103632942536,0.03835729712362143,0.1,-0.41661070883274076,0.4265155643224716
0.02,2.0,7672,Reconyc,Refroso,0,0.6074556708335876,0.36904761904761907,0.10975648163443913,0.5662504162504163,0.12522103162698087,0.8508290909090908,0.04026747529883329,0.05,-0.5696872069616802,0.5696872069616802
0.02,2.0,9010,Ako,Reconyc,0,0.31101253628730774,0.4226190476190476,0.14446025118466185,0.6595071595071594,0.14745852975587498,0.9148574323346359,0.04059635772022904,0.0,-0.27724954528384843,0.27724954528384843
0.02,2.0,260,Benign,Benign,1,0.9998169541358948,0.7476190476190475,0.20208662070402805,0.8303030303030304,0.08430562268632459,0.9749362105416637,0.013514305355860913,1.0,-0.05911255776882172,0.05911255776882172
0.02,2.0,3067,Benign,Benign,1,0.9999734163284302,0.9166666666666666,0.14433756729740646,0.9636363636363636,0.07272727272727271,0.9906794488590801,0.007408828710812068,1.0,-0.0008131086826324463,0.0008131206035614013
0.02,2.0,4648,Benign,Benign,1,0.9999731779098511,0.8833333333333334,0.1589898669028243,0.9363636363636362,0.08672174558335867,0.9863490559160166,0.011050807676422829,1.0,-0.00034470856189727783,0.00034470856189727783
0.02,2.0,6324,CWS,Transponder,0,0.2576449513435364,0.4345238095238096,0.15395853757592334,0.6876456876456876,0.10818462830650159,0.9086702898550725,0.02162278376811825,0.0,-0.15466075567528606,0.15480615822598337
0.02,2.0,8570,Zeus,Ako,0,0.37242576479911804,0.5976190476190476,0.20060848479647017,0.6713286713286711,0.0886394095190282,0.9383521493703864,0.017973517374898183,0.55,-0.048581089824438095,0.06867109462618828
0.02,2.0,3079,Benign,Benign,1,0.9999452829360962,0.7357142857142855,0.2132115936657043,0.8818181818181816,0.08672174558335864,0.986225122111249,0.007881149210123176,1.0,-0.008731833100318909,0.0087320476770401
0.02,2.0,7726,Reconyc,180solutions,0,0.1866018921136856,0.5672619047619047,0.16440967545500465,0.47087912087912087,0.09106432650573072,0.8648170908039328,0.025099391228306667,0.15,-0.025553192757070065,0.10121533926576376
0.02,2.0,5558,Pysa,Zeus,0,0.22044554352760315,0.47023809523809523,0.12499999999999999,0.4356227106227106,0.09891131577942748,0.9061948829613501,0.02748314038994576,0.0,-0.1803253290709108,0.1803253290709108
0.02,2.0,1507,Benign,Benign,1,0.9999737739562988,0.8666666666666666,0.1632993161855452,0.9363636363636363,0.08672174558335867,0.9844718232849748,0.011898172357803952,1.0,-0.0008802235126495362,0.0008802235126495362
0.02,2.0,8418,Scar,Emotet,0,0.26374366879463196,0.5357142857142857,0.1184508853698357,0.49395604395604387,0.10207415025314381,0.9186749167752206,0.02324886672849678,0.0,-0.22230375251965598,0.22230375251965598
0.02,2.0,5083,Conti,Zeus,0,0.25836965441703796,0.5839285714285712,0.18873741342004716,0.4438967894850247,0.14883635286845817,0.9126075122482307,0.02945955226622313,0.05,-0.2077917456626892,0.2077917456626892
0.02,2.0,635,Benign,Benign,1,0.9999709129333496,0.8666666666666668,0.16329931618554522,0.9454545454545455,0.08331955809010616,0.9835897062039803,0.01267163584417415,1.0,-0.0031332463026046754,0.0031332463026046754
0.02,2.0,9132,Shade,Shade,1,0.49229735136032104,0.4821428571428571,0.1316270499255713,0.3602564102564102,0.07708773585624432,0.857493848603271,0.035826167697042645,0.05,-0.37897087149322034,0.37897087149322034
0.02,2.0,555,Benign,Benign,1,0.9999711513519287,0.7999999999999999,0.16329931618554525,0.8727272727272727,0.08331955809010616,0.9873733323613034,0.005800498998388927,1.0,-0.0031521260738372804,0.0031521260738372804
0.02,2.0,3981,Benign,Benign,1,0.9999717473983765,0.8047619047619048,0.1837502988721404,0.7848484848484848,0.11415035273840828,0.9759531967631405,0.010416433292873404,1.0,-0.002893140912055969,0.002893140912055969
0.02,2.0,9232,Shade,Pysa,0,0.503733217716217,0.5910714285714286,0.1597756984322829,0.7156177156177156,0.10197968696609494,0.9374349334875648,0.02795529896219053,0.9,-0.10875295400619507,0.10875295400619507
0.02,2.0,4983,Conti,Scar,0,0.18044079840183258,0.6505952380952381,0.253833281966754,0.6550949050949051,0.12067124694297571,0.9236145890038102,0.023465183900282006,0.1,-0.07699314553756267,0.08363011081237345
0.02,2.0,7150,Transponder,Transponder,1,0.6083027720451355,0.6029761904761903,0.15605117735745708,0.6644355644355644,0.14098598993364145,0.9176304347826086,0.03201109491156956,0.65,-0.23940844349563123,0.24964877180755138
0.02,2.0,8043,Refroso,Zeus,0,0.14958980679512024,0.6285714285714283,0.16329931618554522,0.4184065934065934,0.08283213811254041,0.9040355652331697,0.03293494472608807,0.1,-0.05346668269485235,0.06373874898999929
0.02,2.0,6323,CWS,Transponder,0,0.23073062300682068,0.5226190476190475,0.1746757605255885,0.6637529137529137,0.08198992129753004,0.9235615942028985,0.022664568583631292,0.15,-0.051923274621367456,0.1059418510645628
0.02,2.0,5076,Conti,Zeus,0,0.4353407621383667,0.4821428571428571,0.13162704992557128,0.4971477052359406,0.14852448125853612,0.9019996370894573,0.038354425909053365,0.3,-0.3211338999681175,0.3211338999681175
0.02,2.0,4451,Benign,Benign,1,0.9998407363891602,0.7404761904761904,0.2305838984846141,0.8181818181818183,0.12309149097933275,0.9590143617409055,0.018853477246065002,1.0,-0.015961888432502746,0.015961888432502746
0.02,2.0,2133,Benign,Benign,1,0.9999732971191406,0.9166666666666667,0.14433756729740646,0.9181818181818182,0.09045340337332908,0.9860501567398119,0.008237090774947406,1.0,-0.0009659111499786377,0.0009659111499786377
0.02,2.0,6168,CWS,Scar,0,0.19642767310142517,0.6244047619047619,0.20141488611621128,0.554945054945055,0.08410961540809549,0.915499909272364,0.017144189026839132,0.05,-0.14560940503142775,0.14560940503142775
0.02,2.0,1396,Benign,Benign,1,0.9998509883880615,0.8,0.16329931618554522,0.8409090909090908,0.10578969730127986,0.9701829846176278,0.012442940672281334,1.0,-0.05391991138458252,0.05391991138458252
0.05,5.0,4682,Benign,Benign,1,0.9999737739562988,0.8333333333333333,0.16666666666666669,0.9636363636363636,0.07272727272727271,0.9863599912517313,0.007975714755702744,1.0,-0.0032829880714416505,0.0032829880714416505
0.05,5.0,3966,Benign,Benign,1,0.9999704360961914,0.8833333333333332,0.1589898669028243,0.8742424242424243,0.09785345389374256,0.980320040825253,0.011733489527800123,1.0,-0.0014863252639770509,0.0014863252639770509
0.05,5.0,6493,Gator,Gator,1,0.6376500725746155,0.3601190476190476,0.11179547601781514,0.46483516483516485,0.08761319764366053,0.8910298161817918,0.028761394249853554,0.4,-0.431732528063003,0.4361364470445551
0.05,5.0,51,Benign,Benign,1,0.9998937845230103,0.7023809523809523,0.19452541236152612,0.722027972027972,0.09438940550135029,0.964853831012612,0.01661638405254644,1.0,-0.042329758405685425,0.042329758405685425
0.05,5.0,6307,CWS,Conti,0,0.19933195412158966,0.4436507936507936,0.22554768034686445,0.5326673326673326,0.13468541694171993,0.8377854545454545,0.044864979292786336,0.0,-0.14294736566953362,0.14294736566953362
0.05,5.0,6764,TIBS,TIBS,1,0.9861793518066406,0.5232142857142856,0.26113184109827386,0.7414918414918414,0.1743877978743573,0.9542173913043477,0.031433381076726746,0.55,-0.4673366189002991,0.4673366189002991
0.05,5.0,6007,180solutions,Emotet,0,0.3001534342765808,0.5714285714285714,0.11664236870396087,0.6089743589743589,0.06378124596837306,0.9213851498046026,0.02558198589483896,0.05,-0.262259799905587,0.262259799905587
0.05,5.0,5059,Conti,Zeus,0,0.19569000601768494,0.4553571428571429,0.15576028700154196,0.3716305753070459,0.1253667882542355,0.8702703683542005,0.03459903370484653,0.05,-0.15267062128987163,0.15267062128987163
0.05,5.0,6912,TIBS,Maze,0,0.5388067364692688,0.5146825396825396,0.2183769494784009,0.5762570762570762,0.10989654266280674,0.8738152173913045,0.03817028056925388,0.5,-0.24019141346216202,0.24151647239923477
0.05,5.0,6626,Gator,Gator,1,0.3858468234539032,0.2996031746031746,0.11645659199070786,0.33773073331896863,0.10721671973130671,0.8642169633810971,0.038374960549568564,0.05,-0.36034388015395963,0.36034388015395963
0.05,5.0,6774,TIBS,TIBS,1,0.9278537631034851,0.7761904761904762,0.19523809523809524,0.9287878787878787,0.1019889441063419,0.959536231884058,0.01867715352649145,1.0,-0.1344464138150215,0.1358556404709816
0.05,5.0,8647,Zeus,Gator,0,0.4742535948753357,0.550595238095238,0.1337300115396486,0.5460372960372959,0.1104104209488281,0.9077037197857866,0.028792819546228192,0.3,-0.2765027478337288,0.2812408462166786
0.05,5.0,4232,Benign,Benign,1,0.999915361404419,0.726190476190476,0.1729266553134994,0.8287878787878787,0.13961609438326095,0.9800758183276228,0.01173474923974831,1.0,-0.030294549465179444,0.030313003063201904
0.05,5.0,3301,Benign,Benign,1,0.9999709129333496,0.8333333333333333,0.16666666666666669,0.9454545454545455,0.08331955809010616,0.9816577968943644,0.009452539164197228,1.0,-0.005028170347213745,0.005028170347213745
0.05,5.0,6281,CWS,Transponder,0,0.2036837786436081,0.4271825396825396,0.24978661528313154,0.5866466866466865,0.13734889687984425,0.8555036231884058,0.04302367105752998,0.3,0.005237815342843533,0.09287433568388223
0.05,5.0,1938,Benign,Benign,1,0.999972939491272,0.85,0.16583123951777,0.9363636363636363,0.08672174558335867,0.9894109499161623,0.0075065546324010616,1.0,-0.00537530779838562,0.00537530779838562
0.05,5.0,3924,Benign,Benign,1,0.9971989393234253,0.7547619047619046,0.16854385031337707,0.8106060606060606,0.03302196169348997,0.9650324414959538,0.014602889250483494,1.0,-0.0017805159091949462,0.0020434379577636717
0.05,5.0,2440,Benign,Benign,1,0.9999690055847168,0.8166666666666667,0.16583123951777,0.9272727272727271,0.08907235428302465,0.9817124735729387,0.012865360890252626,1.0,-0.0075325101613998415,0.0075325101613998415
0.05,5.0,5265,Maze,Maze,1,0.4403502941131592,0.5464285714285714,0.1764517046719375,0.584082584082584,0.12392624281971902,0.909039855072464,0.038044471174068305,0.2,-0.22348833307623864,0.25292746648192405
0.05,5.0,4958,Conti,Ako,0,0.2706075608730316,0.42857142857142855,0.12198750911856664,0.571012321012321,0.11786809505311126,0.9053010565928498,0.03134557643997114,0.1,-0.13029729314148425,0.13029729314148425
0.05,5.0,7476,Emotet,Shade,0,0.20342783629894257,0.40178571428571425,0.1747017894314098,0.3974358974358974,0.11100245932136876,0.836441597915762,0.04564155976542344,0.1,-0.04779878412373364,0.1140158832538873
0.05,5.0,802,Benign,Benign,1,0.9999710321426392,0.8833333333333332,0.1589898669028243,0.8545454545454545,0.07272727272727271,0.9852008456659617,0.008212268050308266,1.0,-0.0014745235443115235,0.0014745235443115235
0.05,5.0,2871,Benign,Benign,1,0.9999607801437378,0.6523809523809523,0.1491472358415793,0.7666666666666666,0.0904534033733291,0.9737005176058903,0.011449200171988557,1.0,-0.019867518544197084,0.019867518544197084
0.05,5.0,7007,Transponder,CWS,0,0.36550164222717285,0.588095238095238,0.14851876355953042,0.8102564102564103,0.12268780758176916,0.9269989878542507,0.028544327309481612,0.05,-0.17411738261580467,0.17411738261580467
0.05,5.0,3883,Benign,Benign,1,0.9998937845230103,0.7309523809523808,0.19417538884383123,0.7541958041958041,0.11599278164991493,0.9704089815557337,0.013654569734518835,1.0,-0.04837926924228668,0.04837926924228668
0.05,5.0,6614,Gator,Shade,0,0.14836521446704865,0.32142857142857145,0.08748177652797064,0.41308177117000644,0.11644839763301836,0.8427702996092054,0.03615191307810198,0.05,-0.05335627978201955,0.07723997270222753
0.05,5.0,8622,Zeus,Shade,0,0.21795758605003357,0.2847222222222222,0.11752917195753115,0.4315341521223874,0.16177427550220666,0.8506440874222028,0.05555805600830091,0.35,-0.07968269125558436,0.12322856173850597
0.05,5.0,6057,180solutions,Emotet,0,0.2605852484703064,0.5,0.10910894511799618,0.5268731268731269,0.13827205190471992,0.8918294977565493,0.028210618584247095,0.0,-0.23999917680630461,0.23999917680630461
0.05,5.0,6821,TIBS,TIBS,1,0.37889450788497925,0.5821428571428571,0.17304545036248847,0.7754079254079255,0.09733790981912137,0.9287463768115941,0.022776747918583383,0.35,-0.22485203919932245,0.23378854868933557
0.05,5.0,8376,Scar,Shade,0,0.2202632576227188,0.24900793650793657,0.09295269639279896,0.40068681318681315,0.09872010427692754,0.8384968881169488,0.03968205023305818,0.15,-0.09968700921162962,0.13427110677585005
0.05,5.0,6620,Gator,Gator,1,0.3352084159851074,0.2628968253968254,0.08090641201826301,0.3886446886446886,0.11688095971361769,0.8353307280358951,0.032406795260446986,0.0,-0.3264401416687178,0.3264401416687178
0.05,5.0,7502,Emotet,Emotet,1,0.9244049787521362,0.47916666666666663,0.11492103914468942,0.6841491841491841,0.07700250190750087,0.9262628455637574,0.031015717610067307,0.15,-0.815597019996494,0.815597019996494
0.05,5.0,1719,Benign,Benign,1,0.999895453453064,0.6404761904761904,0.15683591957499482,0.7402097902097902,0.1240204417786523,0.9694102208937816,0.017049625086815418,1.0,-0.026742929220199586,0.026742929220199586
0.05,5.0,8293,Scar,CWS,0,0.3880627155303955,0.5029761904761905,0.12609357240663607,0.5815684315684315,0.10253990718194607,0.8957345286292654,0.03162380431906152,0.65,-0.07035137675702571,0.13506490550935268
0.05,5.0,7850,Refroso,CWS,0,0.2153172343969345,0.2946428571428571,0.0773236967664677,0.42568681318681323,0.10302473541283456,0.8857468189705029,0.022530658749213315,0.2,-0.051863086968660356,0.1393492601811886
0.05,5.0,3538,Benign,Benign,1,0.9999507665634155,0.5827380952380952,0.22950191927820768,0.8090909090909092,0.11582736274919027,0.9805059415324051,0.0106746254178942,1.0,-0.02739730477333069,0.02739730477333069
0.05,5.0,7438,Emotet,Scar,0,0.28280285000801086,0.5386904761904762,0.1334648055046349,0.6466033966033965,0.10933557066073957,0.9318417710034474,0.019924317279926957,0.05,-0.22543028355576097,0.22543028355576097
0.05,5.0,1943,Benign,Benign,1,0.9999697208404541,0.8833333333333332,0.1589898669028243,0.9363636363636362,0.08672174558335867,0.982426915506306,0.009936831116660319,1.0,-0.0031009376049041747,0.0031009376049041747
0.05,5.0,5049,Conti,Maze,0,0.20282988250255585,0.24801587301587297,0.13144747678612606,0.45572344322344316,0.0963260602401471,0.8360543478260869,0.03585235625102292,0.05,-0.12560246661305427,0.12560246661305427
0.05,5.0,7071,Transponder,Transponder,1,0.3345085084438324,0.738095238095238,0.15971914124998499,0.6058108558108557,0.09820895564140673,0.9371159420289858,0.018875700264930406,0.35,-0.1211647141724825,0.1258999217301607
0.05,5.0,7512,Emotet,Emotet,1,0.8014005422592163,0.42559523809523814,0.10219217091303211,0.42660256410256403,0.06564233575987677,0.8800079606310609,0.03820128591154844,0.05,-0.7626468250819016,0.7626468250819016
0.05,5.0,8743,Zeus,Pysa,0,0.3644769489765167,0.6214285714285714,0.19312151192279678,0.6993006993006992,0.08640444285711256,0.9284051474840946,0.030076813719850944,0.6,-0.055685991793870925,0.10541320815682412
0.05,5.0,8789,Pysa,Ako,0,0.4016123116016388,0.2757936507936508,0.11295591529754193,0.4426739926739927,0.11723485999419522,0.8841583441887393,0.028711686742495367,0.0,-0.3478614960797131,0.3478614960797131
0.05,5.0,976,Benign,Benign,1,0.9999699592590332,0.8166666666666667,0.16583123951777,0.9363636363636363,0.08672174558335867,0.9757344900488445,0.011973252720054615,1.0,-0.007863810658454895,0.007863810658454895
0.05,5.0,978,Benign,Benign,1,0.9999716281890869,0.85,0.16583123951777,0.9272727272727271,0.08907235428302465,0.9824123350586864,0.00821747207787523,1.0,-0.0015198826789855958,0.0015198826789855958
0.05,5.0,7811,Reconyc,Refroso,0,0.6703419089317322,0.37003968253968256,0.1622228580346624,0.5003663003663003,0.10849171291140983,0.9053636363636365,0.028752567689866063,0.1,-0.6147723636531737,0.6147723636531737
0.05,5.0,243,Benign,Benign,1,0.999968409538269,0.85,0.16583123951777,0.9545454545454545,0.07872958216222167,0.9735948093606475,0.010520416877215558,1.0,-0.004234567284584045,0.004234567284584045
0.05,5.0,6726,Gator,Zeus,0,0.30540260672569275,0.4791666666666667,0.11492103914468943,0.4493131868131869,0.08576156445922463,0.8760769370350205,0.03504065656077663,0.05,-0.25610006395727397,0.25610006395727397
0.05,5.0,4029,Benign,Benign,1,0.9999030828475952,0.7476190476190475,0.20208662070402805,0.9181818181818183,0.09045340337332905,0.9872639790041553,0.008189134722560344,1.0,-0.021138322353363038,0.021152019500732422
0.05,5.0,5189,Maze,Conti,0,0.30182984471321106,0.488095238095238,0.15971914124998496,0.6147852147852146,0.11368811815534417,0.9188472727272726,0.028319558057904804,0.1,-0.1911397319752723,0.21900709983892738
0.05,5.0,3297,Benign,Benign,1,0.9999675750732422,0.7999999999999999,0.16329931618554525,0.9454545454545455,0.08331955809010616,0.9740650287963841,0.005806784538205392,1.0,-0.004598399996757508,0.004598399996757508
0.05,5.0,1645,Benign,Benign,1,0.9999710321426392,0.9166666666666666,0.14433756729740646,0.9181818181818182,0.09045340337332905,0.9899066851352336,0.006329051162590085,1.0,-0.0015251576900482179,0.0015252053737640381
0.05,5.0,8886,Ako,Zeus,0,0.1517789512872696,0.4375,0.1149210391446894,0.3987637362637363,0.1189417234709071,0.8706369080021774,0.03625337256203128,0.05,-0.10743584670126438,0.11586691625416279
0.05,5.0,6672,Gator,Gator,1,0.6387476325035095,0.31448412698412703,0.09778244004293825,0.4448717948717949,0.09440659134577185,0.8702453321754231,0.0240227458484109,0.15,-0.5472110780887306,0.5472110780887306
0.05,5.0,3211,Benign,Benign,1,0.9999737739562988,0.8333333333333333,0.16666666666666669,0.9,0.09045340337332905,0.9869067580374719,0.0075593820845326195,1.0,-0.0027915924787521363,0.0027915924787521363
0.05,5.0,6265,CWS,Conti,0,0.1208188608288765,0.43154761904761907,0.13892785734504529,0.4502289377289378,0.09456797695605557,0.9081090909090908,0.02029935959580992,0.0,-0.08277336191385984,0.08536842968314887
0.05,5.0,9274,Shade,Shade,1,0.27419015765190125,0.44940476190476186,0.12524777031250484,0.4282509157509157,0.12220224190323345,0.8345274279924734,0.048122675791191845,0.0,-0.18735129307024181,0.18735129307024181
0.05,5.0,3887,Benign,Benign,1,0.9999668598175049,0.85,0.16583123951777,0.9272727272727271,0.08907235428302465,0.9783881315156375,0.012175295270941045,1.0,-0.005851632356643677,0.005851656198501587
0.05,5.0,8287,Scar,TIBS,0,0.322860985994339,0.5059523809523809,0.14098475336103586,0.5408424908424908,0.15323564107428603,0.8996811594202898,0.030171953464888903,0.15,-0.19061344908550382,0.1973682259209454
0.05,5.0,5350,Maze,Emotet,0,0.1503983438014984,0.4511904761904762,0.19162229595845579,0.49844322344322345,0.12866743569074532,0.890099869735128,0.04107170364967997,0.0,-0.12272529177425895,0.12272529177425895
0.05,5.0,8264,Scar,Emotet,0,0.23107632994651794,0.4910714285714285,0.12122268960962083,0.48044871794871796,0.12091528589593137,0.8778730641192645,0.033093790976809485,0.1,-0.18449145604972728,0.19080092658405193
0.05,5.0,3962,Benign,Benign,1,0.9999700784683228,0.8833333333333334,0.1589898669028243,0.9545454545454544,0.07872958216222167,0.985350295254064,0.00984032981299857,1.0,-0.0035998284816741942,0.0035998284816741942
0.05,5.0,9189,Shade,Zeus,0,0.33775120973587036,0.48511904761904756,0.14637895984949925,0.5135531135531135,0.0783968363408993,0.8830484485574305,0.038977660712656806,0.05,-0.29792365194298326,0.29792365194298326
0.05,5.0,8391,Scar,Gator,0,0.3058505058288574,0.3015873015873016,0.12617550075860828,0.38434065934065936,0.0844122186313617,0.8420031842524244,0.0432544218929278,0.0,-0.2925536526658107,0.2925536526658107
0.05,5.0,4585,Benign,Benign,1,0.9999693632125854,0.7833333333333332,0.1589898669028243,0.9454545454545455,0.08331955809010616,0.9768097980608005,0.00966695497615256,1.0,-0.006671413779258728,0.006671413779258728
0.05,5.0,7073,Transponder,Shade,0,0.30214324593544006,0.4353174603174604,0.20548544799416957,0.607455044955045,0.1455597337599335,0.8896475611521202,0.032667292009933555,0.3,-0.11856257133185863,0.17713649086654187
0.05,5.0,7498,Emotet,Conti,0,0.25754886865615845,0.308531746031746,0.11912613151773394,0.37541208791208786,0.08860166960492664,0.8125272727272727,0.04018440715641326,0.0,-0.19152607219293713,0.19152607219293713
0.05,5.0,216,Benign,Benign,1,0.9999698400497437,0.7999999999999998,0.16329931618554522,0.8636363636363636,0.07872958216222167,0.9840271196325728,0.008113822596017457,1.0,-0.003991401195526123,0.003991401195526123
0.05,5.0,6328,CWS,Gator,0,0.2952124774456024,0.49404761904761896,0.13690476190476186,0.45705128205128204,0.10463988032903032,0.8616478506296135,0.03487639862281056,0.0,-0.2658036483684555,0.2658036483684555
0.05,5.0,5734,180solutions,Shade,0,0.3207732141017914,0.40476190476190477,0.1533821276991086,0.32979422538246067,0.0849649461372281,0.8251555941525546,0.039977853177260055,0.0,-0.27236473984085025,0.27236473984085025
0.05,5.0,5419,Pysa,Shade,0,0.22322818636894226,0.3313492063492064,0.1491266462231234,0.3792313079077785,0.1418803605910314,0.8272470690403819,0.050867468780768366,0.1,-0.13161960220895708,0.14009906030260028
0.05,5.0,5481,Pysa,Transponder,0,0.34238436818122864,0.4037698412698412,0.18915661881739382,0.49633699633699635,0.07685763830900105,0.9030072463768116,0.018908677101617918,0.1,-0.21753725623711945,0.2322185686789453
0.05,5.0,8927,Ako,Gator,0,0.5390827059745789,0.4888888888888888,0.20963350904107572,0.5024475524475525,0.12497530779872877,0.87760167896946,0.03430995352075653,0.15,-0.4348844986408949,0.4348844986408949
0.05,5.0,7672,Reconyc,Refroso,0,0.6074556708335876,0.4117063492063492,0.13060243646148023,0.5122710622710622,0.1129326959973169,0.8502981818181817,0.036408527926642745,0.0,-0.5788171130698174,0.5788171130698174
0.05,5.0,9010,Ako,Reconyc,0,0.31101253628730774,0.373015873015873,0.1763084118374846,0.6104562104562105,0.12821609512365312,0.8999240121580547,0.04292807796431271,0.05,-0.2853109322648379,0.2853109322648379
0.05,5.0,260,Benign,Benign,1,0.9998169541358948,0.6809523809523809,0.1580062859336863,0.7954545454545455,0.05410173051926404,0.971852445870088,0.010150308752946305,1.0,-0.05859747231006622,0.05861482918262482
0.05,5.0,3067,Benign,Benign,1,0.9999734163284302,0.8833333333333334,0.1589898669028243,0.918181818181818,0.09045340337332906,0.9893015965590143,0.008217116351902724,1.0,-0.002432262897491455,0.002432262897491455
0.05,5.0,4648,Benign,Benign,1,0.9999731779098511,0.8166666666666664,0.16583123951777,0.8909090909090909,0.08907235428302462,0.9868046949041336,0.0071381306076285685,1.0,-0.003489130735397339,0.003489130735397339
0.05,5.0,6324,CWS,Transponder,0,0.2576449513435364,0.41071428571428575,0.13323231717618683,0.6060439560439559,0.09393640591919294,0.8991014492753624,0.025345132893608294,0.1,-0.13284957548603415,0.17001062771305442
0.05,5.0,8570,Zeus,Ako,0,0.37242576479911804,0.38988095238095244,0.12382526227806379,0.5526764901764901,0.11120028981727414,0.9192032132001735,0.01872181105153066,0.65,-0.05477268099784851,0.11966433525085449
0.05,5.0,3079,Benign,Benign,1,0.9999452829360962,0.6857142857142857,0.18220120447341895,0.8545454545454547,0.0727272727272727,0.9850951374207189,0.010098880386399061,1.0,-0.02063811719417572,0.02063811719417572
0.05,5.0,7726,Reconyc,180solutions,0,0.1866018921136856,0.4345238095238095,0.15395853757592334,0.4118797868797869,0.11563452296432955,0.8338418160786579,0.04323910958318287,0.0,-0.09907895494252443,0.10544253457337618
0.05,5.0,5558,Pysa,Zeus,0,0.22044554352760315,0.4988095238095238,0.1695707866959409,0.3907509157509157,0.0994085897626869,0.8896497913264378,0.02864123731327415,0.0,-0.18511473019607366,0.18511473019607366
0.05,5.0,1507,Benign,Benign,1,0.9999737739562988,0.9333333333333332,0.13333333333333336,0.9818181818181818,0.05454545454545453,0.9880659036232412,0.007829242173937129,1.0,-0.00184478759765625,0.00184478759765625
0.05,5.0,8418,Scar,Emotet,0,0.26374366879463196,0.4196428571428572,0.12804538550177946,0.45677655677655676,0.1059114927388306,0.8817303517151542,0.03360283769956604,0.0,-0.24363098153844476,0.24363098153844476
0.05,5.0,5083,Conti,Zeus,0,0.25836965441703796,0.5148809523809523,0.12969499148512453,0.3585030165912519,0.09856599527375991,0.8844383959354017,0.034798782295242206,0.0,-0.22857450845185667,0.22857450845185667
0.05,5.0,635,Benign,Benign,1,0.9999709129333496,0.8166666666666667,0.16583123951777,0.9545454545454544,0.07872958216222167,0.9802434934752495,0.00982342442117951,1.0,-0.005660894513130188,0.005660894513130188
0.05,5.0,9132,Shade,Shade,1,0.49229735136032104,0.39583333333333337,0.09866419318006414,0.3630494505494505,0.10087422403662366,0.8391952525691126,0.03335900781701072,0.05,-0.38835211833938954,0.3885565414093435
0.05,5.0,555,Benign,Benign,1,0.9999711513519287,0.8833333333333332,0.1589898669028243,0.9272727272727274,0.08907235428302462,0.9886126704089815,0.006268685371393552,1.0,-0.0022709667682647705,0.0022709667682647705
0.05,5.0,3981,Benign,Benign,1,0.9999717473983765,0.6714285714285714,0.236614442834378,0.7848484848484849,0.11415035273840829,0.9746045053583146,0.010387130609027679,1.0,-0.03100678324699402,0.03100678324699402
0.05,5.0,9232,Shade,Pysa,0,0.503733217716217,0.5315476190476189,0.16479712498592966,0.5879786879786879,0.10364611158558797,0.8885338345864661,0.03730026486611119,0.5,-0.20736149065196513,0.20736149065196513
0.05,5.0,4983,Conti,Scar,0,0.18044079840183258,0.4970238095238095,0.15090782540580022,0.5901764901764902,0.12799811597132593,0.8859989112683723,0.0265625952619945,0.1,-0.11925996602512896,0.12103797853924333
0.05,5.0,7150,Transponder,Transponder,1,0.6083027720451355,0.5732142857142857,0.1849371330946787,0.5682650682650682,0.09893094669972911,0.8863188405797102,0.03060364301457416,0.45,-0.39736450733616946,0.39736450733616946
0.05,5.0,8043,Refroso,Zeus,0,0.14958980679512024,0.6113095238095237,0.24366331530308333,0.4218406593406594,0.06870956378918665,0.8695191435311195,0.03792398916790069,0.0,-0.10613081189803779,0.10613081189803779
0.05,5.0,6323,CWS,Transponder,0,0.23073062300682068,0.4097222222222222,0.17325360014939553,0.6033133533133533,0.12529452824488954,0.8923224637681159,0.029348563910925708,0.15,-0.09861303623765708,0.12891977485269307
0.05,5.0,5076,Conti,Zeus,0,0.4353407621383667,0.4345238095238095,0.15395853757592334,0.44371363930187463,0.11684072576289348,0.8878279804028306,0.03447528271441921,0.1,-0.3647743022534996,0.3647743022534996
0.05,5.0,4451,Benign,Benign,1,0.9998407363891602,0.6619047619047619,0.198005932250398,0.8454545454545455,0.13916318185703075,0.9555296347597872,0.019736670386084943,1.0,-0.050396180152893065,0.05039715766906738
0.05,5.0,2133,Benign,Benign,1,0.9999732971191406,0.8333333333333333,0.16666666666666669,0.8727272727272728,0.08331955809010616,0.9880112269446674,0.0072255818598856115,1.0,-0.0032959252595901488,0.0032959252595901488
0.05,5.0,6168,CWS,Scar,0,0.19642767310142517,0.38888888888888895,0.11258937269135799,0.4082875457875458,0.08229655083444871,0.8819778624569043,0.027328368468862455,0.0,-0.16077579059638084,0.16077579059638084
0.05,5.0,1396,Benign,Benign,1,0.9998509883880615,0.8333333333333333,0.16666666666666669,0.7678321678321678,0.09958428268350786,0.9580301815265727,0.018943995507119452,1.0,-0.016343829035758973,0.016343829035758973
