ATTACK_Candidate_ID,Cohort,N,Support_Present_N,Support_Present_Rate,Mean_Support_Including_Zero,Median_Support_Including_Zero,P75_Support_Including_Zero,P90_Support_Including_Zero
T1014,ALL,2000,719,0.3595,0.025741711498321624,0.0,0.032354420294464725,0.0822661102562589
T1014,BENIGN_TRUE,125,9,0.072,0.000806888063320132,0.0,0.0,0.0
T1014,MALWARE_TRUE,1875,710,0.37866666666666665,0.027404033060655055,0.0,0.03472662775682575,0.08753052182268813
T1055,ALL,2000,769,0.3845,0.0631531390081483,0.0,0.06989341012162795,0.24792317081527152
T1055,BENIGN_TRUE,125,0,0.0,0.0,0.0,0.0,0.0
T1055,MALWARE_TRUE,1875,769,0.41013333333333335,0.06736334827535818,0.0,0.08902362447094125,0.26227510098820767
T1620,ALL,2000,1817,0.9085,0.16807947090409314,0.13868155328880905,0.2538612017173359,0.3872082962340345
T1620,BENIGN_TRUE,125,57,0.456,0.02105821812415922,0.0,0.0142147509814839,0.0809093922663287
T1620,MALWARE_TRUE,1875,1760,0.9386666666666666,0.17788088775608873,0.1491922836526912,0.2683747543099658,0.39715000241219883
